CustomerID,Date,Snack Type,Quantity,Unit Price,Total Price
1,9/1/2027,Raisins,2,5,10
1,9/1/2027,Drink,3,10,30
1,9/1/2027,Chips,1,2,2
4,9/1/2027,Drink,3,10,30
4,9/1/2027,Raisins,2,5,10
6,9/1/2027,Chips,1,2,2
7,9/1/2027,Drink,2,10,20
9,9/1/2027,Sweets,2,0.5,1
14,9/1/2027,Raisins,2,5,10
14,9/1/2027,Raisins,3,5,15
15,9/1/2027,Raisins,3,5,15
19,9/1/2027,Sweets,3,0.5,1.5
98,9/1/2027,Raisins,2,5,10
2,9/1/2027,Chips,3,2,6
3,9/1/2027,Drink,2,10,20
10,9/1/2027,Sweets,3,0.5,1.5
13,9/1/2027,Drink,1,10,10
85,9/1/2027,Drink,3,10,30
1,9/1/2027,Sweets,3,0.5,1.5
2,9/1/2027,Chips,1,2,2
2,9/1/2027,Chips,2,2,4
3,9/1/2027,Drink,2,10,20
6,9/1/2027,Drink,3,10,30
8,9/1/2027,Raisins,2,5,10
9,9/1/2027,Sweets,3,0.5,1.5
10,9/1/2027,Drink,1,10,10
12,9/1/2027,Drink,1,10,10
15,9/1/2027,Raisins,3,5,15
16,9/1/2027,Raisins,3,5,15
16,9/1/2027,Drink,2,10,20
92,9/1/2027,Raisins,1,5,5
3,9/1/2027,Chips,3,2,6
3,9/1/2027,Sweets,3,0.5,1.5
4,9/1/2027,Chips,3,2,6
6,9/1/2027,Drink,1,10,10
9,9/1/2027,Raisins,3,5,15
12,9/1/2027,Chips,1,2,2
15,9/1/2027,Raisins,1,5,5
15,9/1/2027,Chips,1,2,2
16,9/1/2027,Drink,2,10,20
18,9/1/2027,Drink,2,10,20
18,9/1/2027,Sweets,3,0.5,1.5
19,9/1/2027,Drink,3,10,30
22,9/1/2027,Raisins,1,5,5
29,9/1/2027,Raisins,3,5,15
81,9/1/2027,Raisins,3,5,15
91,9/1/2027,Raisins,3,5,15
1,9/1/2027,Sweets,1,0.5,0.5
3,9/1/2027,Chips,3,2,6
5,9/1/2027,Sweets,2,0.5,1
6,9/1/2027,Chips,3,2,6
7,9/1/2027,Chips,2,2,4
12,9/1/2027,Drink,3,10,30
18,9/1/2027,Raisins,3,5,15
20,9/1/2027,Sweets,3,0.5,1.5
50,9/1/2027,Chips,1,2,2
86,9/1/2027,Sweets,1,0.5,0.5
3,9/1/2027,Drink,3,10,30
4,9/1/2027,Sweets,3,0.5,1.5
5,9/1/2027,Drink,2,10,20
5,9/1/2027,Drink,2,10,20
7,9/1/2027,Sweets,3,0.5,1.5
7,9/1/2027,Raisins,2,5,10
8,9/1/2027,Sweets,3,0.5,1.5
12,9/1/2027,Sweets,1,0.5,0.5
14,9/1/2027,Sweets,2,0.5,1
20,9/1/2027,Chips,1,2,2
36,9/1/2027,Drink,2,10,20
3,9/1/2027,Drink,2,10,20
4,9/1/2027,Sweets,3,0.5,1.5
11,9/1/2027,Raisins,2,5,10
1,9/1/2027,Raisins,1,5,5
2,9/1/2027,Drink,1,10,10
4,9/1/2027,Chips,2,2,4
13,9/1/2027,Drink,1,10,10
14,9/1/2027,Chips,2,2,4
18,9/1/2027,Raisins,2,5,10
19,9/1/2027,Raisins,3,5,15
15,9/1/2027,Drink,3,10,30
16,9/2/2027,Drink,2,10,20
18,9/2/2027,Chips,2,2,4
20,9/2/2027,Chips,2,2,4
84,9/2/2027,Chips,1,2,2
99,9/2/2027,Raisins,2,5,10
2,9/2/2027,Drink,2,10,20
7,9/2/2027,Chips,1,2,2
10,9/2/2027,Drink,1,10,10
12,9/2/2027,Drink,3,10,30
12,9/2/2027,Chips,2,2,4
13,9/2/2027,Sweets,3,0.5,1.5
14,9/2/2027,Drink,2,10,20
20,9/2/2027,Sweets,1,0.5,0.5
87,9/2/2027,Raisins,3,5,15
6,9/2/2027,Sweets,3,0.5,1.5
6,9/2/2027,Drink,2,10,20
13,9/2/2027,Drink,2,10,20
14,9/2/2027,Chips,2,2,4
2,9/2/2027,Drink,2,10,20
4,9/2/2027,Drink,3,10,30
7,9/2/2027,Drink,2,10,20
7,9/2/2027,Chips,3,2,6
9,9/2/2027,Drink,3,10,30
10,9/2/2027,Sweets,3,0.5,1.5
10,9/2/2027,Drink,3,10,30
11,9/2/2027,Sweets,1,0.5,0.5
14,9/2/2027,Chips,3,2,6
20,9/2/2027,Raisins,2,5,10
72,9/2/2027,Raisins,3,5,15
9,9/2/2027,Chips,2,2,4
15,9/2/2027,Chips,2,2,4
39,9/2/2027,Drink,2,10,20
1,9/2/2027,Sweets,3,0.5,1.5
3,9/2/2027,Drink,2,10,20
5,9/2/2027,Chips,2,2,4
6,9/2/2027,Drink,2,10,20
7,9/2/2027,Drink,2,10,20
7,9/2/2027,Raisins,2,5,10
10,9/2/2027,Sweets,1,0.5,0.5
11,9/2/2027,Raisins,3,5,15
19,9/2/2027,Chips,1,2,2
20,9/2/2027,Sweets,2,0.5,1
89,9/2/2027,Raisins,3,5,15
4,9/2/2027,Raisins,3,5,15
10,9/2/2027,Raisins,1,5,5
17,9/2/2027,Drink,1,10,10
20,9/2/2027,Drink,3,10,30
53,9/2/2027,Chips,1,2,2
92,9/2/2027,Drink,2,10,20
1,9/2/2027,Drink,2,10,20
2,9/2/2027,Drink,3,10,30
5,9/2/2027,Sweets,1,0.5,0.5
5,9/2/2027,Chips,1,2,2
6,9/2/2027,Raisins,1,5,5
9,9/2/2027,Sweets,1,0.5,0.5
12,9/2/2027,Sweets,3,0.5,1.5
19,9/2/2027,Sweets,3,0.5,1.5
19,9/2/2027,Sweets,2,0.5,1
19,9/2/2027,Chips,2,2,4
20,9/2/2027,Chips,1,2,2
49,9/2/2027,Drink,1,10,10
87,9/2/2027,Chips,2,2,4
1,9/2/2027,Raisins,2,5,10
4,9/2/2027,Drink,1,10,10
5,9/2/2027,Chips,2,2,4
9,9/2/2027,Sweets,2,0.5,1
10,9/2/2027,Drink,3,10,30
11,9/2/2027,Chips,1,2,2
18,9/3/2027,Drink,3,10,30
25,9/3/2027,Drink,2,10,20
30,9/3/2027,Drink,1,10,10
1,9/3/2027,Chips,1,2,2
3,9/3/2027,Chips,2,2,4
3,9/3/2027,Drink,3,10,30
4,9/3/2027,Raisins,2,5,10
4,9/3/2027,Chips,3,2,6
6,9/3/2027,Chips,1,2,2
6,9/3/2027,Chips,1,2,2
6,9/3/2027,Raisins,3,5,15
7,9/3/2027,Chips,3,2,6
9,9/3/2027,Chips,3,2,6
14,9/3/2027,Chips,2,2,4
16,9/3/2027,Sweets,3,0.5,1.5
46,9/3/2027,Raisins,3,5,15
52,9/3/2027,Raisins,1,5,5
75,9/3/2027,Chips,3,2,6
1,9/3/2027,Chips,2,2,4
2,9/3/2027,Drink,2,10,20
2,9/3/2027,Sweets,2,0.5,1
3,9/3/2027,Drink,3,10,30
4,9/3/2027,Chips,3,2,6
5,9/3/2027,Chips,1,2,2
8,9/3/2027,Raisins,2,5,10
9,9/3/2027,Drink,1,10,10
10,9/3/2027,Drink,3,10,30
10,9/3/2027,Raisins,2,5,10
10,9/3/2027,Drink,3,10,30
11,9/3/2027,Raisins,3,5,15
13,9/3/2027,Chips,2,2,4
14,9/3/2027,Sweets,1,0.5,0.5
18,9/3/2027,Chips,2,2,4
19,9/3/2027,Raisins,2,5,10
93,9/3/2027,Drink,2,10,20
97,9/3/2027,Drink,1,10,10
1,9/3/2027,Chips,2,2,4
12,9/3/2027,Raisins,1,5,5
13,9/3/2027,Chips,1,2,2
16,9/3/2027,Sweets,1,0.5,0.5
19,9/3/2027,Chips,2,2,4
94,9/3/2027,Sweets,2,0.5,1
1,9/3/2027,Raisins,2,5,10
3,9/3/2027,Sweets,1,0.5,0.5
3,9/3/2027,Sweets,2,0.5,1
4,9/3/2027,Drink,2,10,20
4,9/3/2027,Raisins,3,5,15
8,9/3/2027,Chips,3,2,6
10,9/3/2027,Sweets,3,0.5,1.5
11,9/3/2027,Drink,3,10,30
11,9/3/2027,Chips,2,2,4
15,9/3/2027,Drink,3,10,30
16,9/3/2027,Raisins,1,5,5
17,9/3/2027,Sweets,3,0.5,1.5
19,9/3/2027,Chips,3,2,6
66,9/3/2027,Drink,2,10,20
90,9/3/2027,Chips,3,2,6
2,9/3/2027,Chips,1,2,2
6,9/3/2027,Sweets,3,0.5,1.5
16,9/3/2027,Raisins,2,5,10
17,9/3/2027,Raisins,1,5,5
19,9/3/2027,Drink,3,10,30
66,9/3/2027,Sweets,1,0.5,0.5
90,9/3/2027,Drink,1,10,10
13,9/3/2027,Drink,3,10,30
19,9/3/2027,Chips,2,2,4
88,9/3/2027,Chips,1,2,2
91,9/3/2027,Sweets,2,0.5,1
93,9/3/2027,Sweets,3,0.5,1.5
1,9/3/2027,Drink,3,10,30
1,9/3/2027,Sweets,1,0.5,0.5
3,9/3/2027,Sweets,3,0.5,1.5
13,9/3/2027,Raisins,1,5,5
82,9/3/2027,Sweets,2,0.5,1
9,9/3/2027,Chips,2,2,4
14,9/3/2027,Raisins,2,5,10
19,9/3/2027,Drink,2,10,20
88,9/3/2027,Sweets,1,0.5,0.5
95,9/3/2027,Chips,1,2,2
3,9/3/2027,Sweets,2,0.5,1
4,9/3/2027,Chips,1,2,2
4,9/3/2027,Sweets,1,0.5,0.5
45,9/3/2027,Drink,1,10,10
49,9/3/2027,Sweets,2,0.5,1
95,9/3/2027,Drink,3,10,30
7,9/3/2027,Chips,1,2,2
11,9/3/2027,Chips,3,2,6
12,9/3/2027,Chips,3,2,6
15,9/3/2027,Raisins,1,5,5
15,9/3/2027,Chips,3,2,6
18,9/3/2027,Drink,1,10,10
20,9/3/2027,Drink,3,10,30
42,9/3/2027,Sweets,2,0.5,1
45,9/3/2027,Raisins,2,5,10
49,9/3/2027,Drink,2,10,20
95,9/3/2027,Raisins,2,5,10
7,9/3/2027,Sweets,3,0.5,1.5
7,9/3/2027,Raisins,2,5,10
8,9/3/2027,Raisins,2,5,10
10,9/3/2027,Sweets,2,0.5,1
15,9/4/2027,Raisins,3,5,15
16,9/4/2027,Sweets,3,0.5,1.5
16,9/4/2027,Chips,1,2,2
65,9/4/2027,Chips,1,2,2
75,9/4/2027,Drink,3,10,30
98,9/4/2027,Chips,1,2,2
4,9/4/2027,Chips,3,2,6
6,9/4/2027,Sweets,2,0.5,1
7,9/4/2027,Drink,1,10,10
11,9/4/2027,Sweets,3,0.5,1.5
11,9/4/2027,Drink,3,10,30
14,9/4/2027,Drink,1,10,10
16,9/4/2027,Chips,2,2,4
18,9/4/2027,Chips,1,2,2
19,9/4/2027,Drink,1,10,10
83,9/4/2027,Sweets,3,0.5,1.5
10,9/4/2027,Drink,2,10,20
63,9/4/2027,Sweets,2,0.5,1
1,9/4/2027,Raisins,2,5,10
2,9/4/2027,Sweets,3,0.5,1.5
3,9/4/2027,Raisins,2,5,10
4,9/4/2027,Drink,2,10,20
4,9/4/2027,Raisins,2,5,10
6,9/4/2027,Chips,3,2,6
7,9/4/2027,Sweets,3,0.5,1.5
26,9/4/2027,Chips,1,2,2
39,9/4/2027,Raisins,2,5,10
5,9/4/2027,Chips,1,2,2
5,9/4/2027,Drink,3,10,30
8,9/4/2027,Chips,1,2,2
9,9/4/2027,Raisins,3,5,15
11,9/4/2027,Sweets,3,0.5,1.5
13,9/4/2027,Chips,3,2,6
14,9/4/2027,Chips,3,2,6
16,9/4/2027,Raisins,2,5,10
17,9/4/2027,Chips,2,2,4
18,9/4/2027,Raisins,1,5,5
8,9/4/2027,Drink,3,10,30
11,9/4/2027,Chips,3,2,6
12,9/4/2027,Drink,3,10,30
14,9/4/2027,Sweets,3,0.5,1.5
19,9/4/2027,Raisins,2,5,10
20,9/4/2027,Drink,3,10,30
77,9/4/2027,Drink,3,10,30
2,9/4/2027,Drink,3,10,30
4,9/4/2027,Sweets,3,0.5,1.5
7,9/4/2027,Sweets,1,0.5,0.5
8,9/4/2027,Raisins,1,5,5
10,9/4/2027,Sweets,1,0.5,0.5
11,9/4/2027,Sweets,2,0.5,1
13,9/4/2027,Raisins,2,5,10
16,9/4/2027,Raisins,1,5,5
17,9/4/2027,Chips,2,2,4
20,9/4/2027,Chips,1,2,2
26,9/4/2027,Raisins,2,5,10
39,9/4/2027,Chips,2,2,4
5,9/4/2027,Drink,3,10,30
5,9/4/2027,Raisins,2,5,10
8,9/4/2027,Drink,2,10,20
9,9/4/2027,Chips,2,2,4
11,9/4/2027,Chips,3,2,6
13,9/4/2027,Chips,3,2,6
14,9/4/2027,Raisins,2,5,10
16,9/4/2027,Chips,2,2,4
17,9/4/2027,Sweets,3,0.5,1.5
18,9/4/2027,Drink,1,10,10
51,9/4/2027,Raisins,1,5,5
54,9/4/2027,Drink,1,10,10
81,9/4/2027,Chips,2,2,4
1,9/4/2027,Raisins,1,5,5
1,9/4/2027,Sweets,3,0.5,1.5
2,9/4/2027,Raisins,1,5,5
4,9/4/2027,Drink,3,10,30
4,9/4/2027,Sweets,2,0.5,1
9,9/4/2027,Chips,1,2,2
9,9/4/2027,Raisins,2,5,10
10,9/4/2027,Drink,3,10,30
12,9/4/2027,Sweets,2,0.5,1
13,9/4/2027,Drink,3,10,30
13,9/4/2027,Sweets,2,0.5,1
16,9/4/2027,Sweets,2,0.5,1
16,9/4/2027,Drink,1,10,10
17,9/4/2027,Chips,2,2,4
33,9/4/2027,Chips,3,2,6
94,9/4/2027,Chips,2,2,4
97,9/4/2027,Drink,2,10,20
3,9/4/2027,Chips,3,2,6
4,9/4/2027,Chips,1,2,2
9,9/4/2027,Sweets,2,0.5,1
10,9/4/2027,Drink,1,10,10
14,9/4/2027,Sweets,3,0.5,1.5
79,9/4/2027,Drink,3,10,30
97,9/4/2027,Raisins,3,5,15
2,9/4/2027,Raisins,1,5,5
3,9/4/2027,Chips,3,2,6
4,9/4/2027,Chips,3,2,6
4,9/4/2027,Raisins,1,5,5
9,9/4/2027,Chips,3,2,6
9,9/4/2027,Sweets,3,0.5,1.5
10,9/4/2027,Sweets,2,0.5,1
11,9/4/2027,Raisins,1,5,5
11,9/4/2027,Sweets,1,0.5,0.5
11,9/4/2027,Chips,1,2,2
12,9/4/2027,Sweets,2,0.5,1
12,9/4/2027,Sweets,1,0.5,0.5
13,9/4/2027,Raisins,2,5,10
19,9/4/2027,Drink,3,10,30
23,9/4/2027,Drink,1,10,10
60,9/4/2027,Chips,2,2,4
96,9/5/2027,Raisins,2,5,10
3,9/5/2027,Drink,1,10,10
6,9/5/2027,Raisins,2,5,10
10,9/5/2027,Drink,1,10,10
12,9/5/2027,Chips,3,2,6
13,9/5/2027,Sweets,2,0.5,1
13,9/5/2027,Raisins,3,5,15
14,9/5/2027,Sweets,1,0.5,0.5
15,9/5/2027,Raisins,1,5,5
15,9/5/2027,Chips,3,2,6
16,9/5/2027,Drink,3,10,30
27,9/5/2027,Chips,3,2,6
41,9/5/2027,Chips,1,2,2
72,9/5/2027,Chips,2,2,4
7,9/5/2027,Raisins,2,5,10
8,9/5/2027,Chips,1,2,2
9,9/5/2027,Chips,1,2,2
9,9/5/2027,Raisins,2,5,10
10,9/5/2027,Sweets,1,0.5,0.5
15,9/5/2027,Chips,2,2,4
16,9/5/2027,Sweets,1,0.5,0.5
17,9/5/2027,Chips,3,2,6
22,9/5/2027,Sweets,1,0.5,0.5
71,9/5/2027,Drink,3,10,30
7,9/5/2027,Raisins,2,5,10
7,9/5/2027,Drink,2,10,20
8,9/5/2027,Chips,3,2,6
13,9/5/2027,Raisins,3,5,15
2,9/5/2027,Sweets,2,0.5,1
3,9/5/2027,Chips,2,2,4
6,9/5/2027,Sweets,1,0.5,0.5
7,9/5/2027,Chips,3,2,6
7,9/5/2027,Raisins,3,5,15
9,9/5/2027,Raisins,3,5,15
12,9/5/2027,Sweets,2,0.5,1
14,9/5/2027,Chips,3,2,6
15,9/5/2027,Chips,2,2,4
15,9/5/2027,Sweets,3,0.5,1.5
20,9/5/2027,Chips,1,2,2
87,9/5/2027,Drink,3,10,30
1,9/5/2027,Sweets,1,0.5,0.5
1,9/5/2027,Raisins,1,5,5
5,9/5/2027,Chips,2,2,4
8,9/5/2027,Raisins,2,5,10
15,9/5/2027,Chips,1,2,2
20,9/5/2027,Drink,1,10,10
91,9/5/2027,Chips,2,2,4
5,9/5/2027,Chips,2,2,4
6,9/5/2027,Raisins,1,5,5
7,9/5/2027,Sweets,2,0.5,1
12,9/5/2027,Raisins,3,5,15
12,9/5/2027,Raisins,1,5,5
18,9/5/2027,Sweets,3,0.5,1.5
20,9/5/2027,Drink,3,10,30
27,9/5/2027,Sweets,3,0.5,1.5
43,9/5/2027,Chips,2,2,4
94,9/5/2027,Drink,1,10,10
95,9/5/2027,Sweets,3,0.5,1.5
1,9/5/2027,Drink,3,10,30
2,9/5/2027,Chips,3,2,6
7,9/5/2027,Drink,3,10,30
8,9/5/2027,Raisins,2,5,10
9,9/5/2027,Chips,3,2,6
11,9/5/2027,Drink,3,10,30
11,9/5/2027,Sweets,1,0.5,0.5
12,9/5/2027,Raisins,2,5,10
15,9/5/2027,Drink,3,10,30
54,9/5/2027,Drink,1,10,10
73,9/5/2027,Drink,3,10,30
87,9/5/2027,Sweets,3,0.5,1.5
100,9/5/2027,Sweets,2,0.5,1
8,9/5/2027,Sweets,2,0.5,1
9,9/5/2027,Chips,3,2,6
10,9/5/2027,Sweets,1,0.5,0.5
10,9/5/2027,Drink,1,10,10
10,9/5/2027,Sweets,3,0.5,1.5
10,9/5/2027,Drink,3,10,30
14,9/5/2027,Sweets,1,0.5,0.5
14,9/5/2027,Sweets,1,0.5,0.5
16,9/5/2027,Sweets,2,0.5,1
17,9/5/2027,Chips,3,2,6
84,9/5/2027,Raisins,3,5,15
6,9/5/2027,Raisins,3,5,15
14,9/6/2027,Chips,2,2,4
15,9/6/2027,Raisins,3,5,15
16,9/6/2027,Sweets,2,0.5,1
20,9/6/2027,Raisins,2,5,10
42,9/6/2027,Sweets,1,0.5,0.5
1,9/6/2027,Sweets,3,0.5,1.5
2,9/6/2027,Raisins,1,5,5
3,9/6/2027,Drink,2,10,20
4,9/6/2027,Sweets,3,0.5,1.5
4,9/6/2027,Raisins,3,5,15
4,9/6/2027,Raisins,3,5,15
5,9/6/2027,Sweets,3,0.5,1.5
6,9/6/2027,Sweets,2,0.5,1
9,9/6/2027,Chips,3,2,6
12,9/6/2027,Raisins,2,5,10
13,9/6/2027,Drink,3,10,30
14,9/6/2027,Raisins,2,5,10
16,9/6/2027,Drink,3,10,30
82,9/6/2027,Chips,1,2,2
85,9/6/2027,Raisins,3,5,15
3,9/6/2027,Drink,1,10,10
8,9/6/2027,Sweets,3,0.5,1.5
10,9/6/2027,Chips,3,2,6
12,9/6/2027,Sweets,3,0.5,1.5
12,9/6/2027,Chips,2,2,4
20,9/6/2027,Drink,1,10,10
20,9/6/2027,Sweets,3,0.5,1.5
34,9/6/2027,Drink,3,10,30
37,9/6/2027,Raisins,2,5,10
63,9/6/2027,Drink,3,10,30
86,9/6/2027,Sweets,2,0.5,1
99,9/6/2027,Chips,2,2,4
4,9/6/2027,Drink,1,10,10
4,9/6/2027,Raisins,3,5,15
8,9/6/2027,Chips,2,2,4
13,9/6/2027,Sweets,1,0.5,0.5
18,9/6/2027,Raisins,2,5,10
32,9/6/2027,Raisins,2,5,10
59,9/6/2027,Raisins,1,5,5
8,9/6/2027,Raisins,3,5,15
10,9/6/2027,Raisins,3,5,15
11,9/6/2027,Raisins,2,5,10
12,9/6/2027,Sweets,3,0.5,1.5
16,9/6/2027,Sweets,1,0.5,0.5
18,9/6/2027,Raisins,3,5,15
18,9/6/2027,Raisins,2,5,10
94,9/6/2027,Raisins,1,5,5
3,9/6/2027,Sweets,1,0.5,0.5
7,9/6/2027,Drink,1,10,10
11,9/6/2027,Raisins,1,5,5
13,9/7/2027,Sweets,1,0.5,0.5
13,9/7/2027,Raisins,3,5,15
19,9/7/2027,Sweets,2,0.5,1
71,9/7/2027,Sweets,3,0.5,1.5
84,9/7/2027,Raisins,3,5,15
7,9/7/2027,Sweets,2,0.5,1
8,9/7/2027,Raisins,2,5,10
9,9/7/2027,Sweets,3,0.5,1.5
13,9/7/2027,Chips,3,2,6
16,9/7/2027,Chips,3,2,6
16,9/7/2027,Sweets,2,0.5,1
62,9/7/2027,Raisins,3,5,15
1,9/7/2027,Chips,1,2,2
2,9/7/2027,Drink,2,10,20
2,9/7/2027,Raisins,3,5,15
3,9/7/2027,Drink,1,10,10
4,9/7/2027,Sweets,1,0.5,0.5
5,9/7/2027,Drink,3,10,30
6,9/7/2027,Chips,1,2,2
8,9/7/2027,Chips,3,2,6
8,9/7/2027,Sweets,2,0.5,1
10,9/7/2027,Chips,2,2,4
10,9/7/2027,Sweets,3,0.5,1.5
10,9/7/2027,Sweets,2,0.5,1
12,9/7/2027,Chips,2,2,4
13,9/7/2027,Sweets,1,0.5,0.5
15,9/7/2027,Raisins,1,5,5
16,9/7/2027,Chips,1,2,2
16,9/7/2027,Sweets,2,0.5,1
18,9/7/2027,Sweets,1,0.5,0.5
97,9/7/2027,Chips,3,2,6
4,9/7/2027,Raisins,3,5,15
4,9/7/2027,Chips,2,2,4
5,9/7/2027,Sweets,3,0.5,1.5
5,9/7/2027,Drink,1,10,10
7,9/7/2027,Chips,1,2,2
9,9/7/2027,Sweets,1,0.5,0.5
11,9/7/2027,Sweets,1,0.5,0.5
16,9/7/2027,Raisins,2,5,10
19,9/7/2027,Raisins,3,5,15
83,9/7/2027,Drink,3,10,30
89,9/7/2027,Chips,1,2,2
96,9/7/2027,Raisins,1,5,5
99,9/7/2027,Drink,3,10,30
1,9/7/2027,Raisins,1,5,5
1,9/7/2027,Raisins,2,5,10
1,9/7/2027,Raisins,2,5,10
3,9/7/2027,Sweets,3,0.5,1.5
9,9/7/2027,Chips,1,2,2
11,9/7/2027,Sweets,1,0.5,0.5
14,9/7/2027,Raisins,1,5,5
14,9/7/2027,Chips,3,2,6
15,9/7/2027,Sweets,1,0.5,0.5
15,9/7/2027,Chips,2,2,4
18,9/7/2027,Raisins,1,5,5
18,9/7/2027,Sweets,3,0.5,1.5
19,9/7/2027,Chips,2,2,4
56,9/7/2027,Drink,3,10,30
2,9/7/2027,Sweets,3,0.5,1.5
4,9/7/2027,Sweets,3,0.5,1.5
7,9/7/2027,Chips,2,2,4
7,9/7/2027,Sweets,1,0.5,0.5
9,9/7/2027,Chips,2,2,4
12,9/7/2027,Drink,3,10,30
12,9/7/2027,Drink,3,10,30
15,9/7/2027,Sweets,3,0.5,1.5
15,9/7/2027,Chips,2,2,4
19,9/7/2027,Chips,3,2,6
20,9/7/2027,Drink,3,10,30
89,9/7/2027,Chips,3,2,6
1,9/7/2027,Drink,2,10,20
4,9/7/2027,Chips,3,2,6
6,9/7/2027,Drink,2,10,20
9,9/7/2027,Sweets,3,0.5,1.5
10,9/7/2027,Raisins,1,5,5
12,9/7/2027,Raisins,3,5,15
14,9/7/2027,Chips,2,2,4
15,9/7/2027,Raisins,2,5,10
16,9/8/2027,Chips,2,2,4
16,9/8/2027,Chips,3,2,6
20,9/8/2027,Sweets,2,0.5,1
95,9/8/2027,Sweets,3,0.5,1.5
2,9/8/2027,Drink,1,10,10
4,9/8/2027,Chips,3,2,6
6,9/8/2027,Drink,2,10,20
6,9/8/2027,Drink,2,10,20
7,9/8/2027,Drink,2,10,20
8,9/8/2027,Chips,1,2,2
9,9/8/2027,Drink,1,10,10
15,9/8/2027,Sweets,2,0.5,1
15,9/8/2027,Drink,1,10,10
16,9/8/2027,Raisins,2,5,10
18,9/8/2027,Sweets,3,0.5,1.5
19,9/8/2027,Chips,3,2,6
73,9/8/2027,Sweets,1,0.5,0.5
1,9/8/2027,Sweets,2,0.5,1
2,9/8/2027,Drink,3,10,30
7,9/8/2027,Sweets,1,0.5,0.5
9,9/8/2027,Chips,3,2,6
9,9/8/2027,Sweets,2,0.5,1
10,9/8/2027,Sweets,3,0.5,1.5
12,9/8/2027,Drink,3,10,30
14,9/8/2027,Drink,1,10,10
18,9/8/2027,Raisins,2,5,10
51,9/8/2027,Raisins,3,5,15
85,9/8/2027,Chips,3,2,6
2,9/8/2027,Chips,2,2,4
2,9/8/2027,Chips,2,2,4
5,9/8/2027,Chips,3,2,6
5,9/8/2027,Sweets,3,0.5,1.5
9,9/8/2027,Raisins,1,5,5
10,9/8/2027,Sweets,1,0.5,0.5
12,9/8/2027,Drink,3,10,30
13,9/8/2027,Raisins,3,5,15
13,9/8/2027,Chips,2,2,4
13,9/8/2027,Sweets,1,0.5,0.5
15,9/8/2027,Sweets,2,0.5,1
95,9/8/2027,Sweets,2,0.5,1
10,9/8/2027,Drink,3,10,30
18,9/8/2027,Sweets,1,0.5,0.5
20,9/8/2027,Sweets,2,0.5,1
61,9/8/2027,Sweets,1,0.5,0.5
92,9/9/2027,Raisins,3,5,15
1,9/9/2027,Raisins,1,5,5
2,9/9/2027,Drink,3,10,30
2,9/9/2027,Raisins,3,5,15
3,9/9/2027,Drink,3,10,30
3,9/9/2027,Raisins,2,5,10
4,9/9/2027,Drink,2,10,20
5,9/9/2027,Drink,1,10,10
7,9/9/2027,Sweets,3,0.5,1.5
12,9/9/2027,Raisins,2,5,10
13,9/9/2027,Sweets,3,0.5,1.5
15,9/9/2027,Raisins,1,5,5
19,9/9/2027,Sweets,2,0.5,1
20,9/9/2027,Chips,2,2,4
67,9/9/2027,Chips,1,2,2
76,9/9/2027,Drink,1,10,10
85,9/9/2027,Chips,3,2,6
85,9/9/2027,Drink,3,10,30
1,9/9/2027,Drink,3,10,30
6,9/9/2027,Raisins,1,5,5
6,9/9/2027,Drink,3,10,30
8,9/9/2027,Sweets,2,0.5,1
9,9/9/2027,Chips,1,2,2
9,9/9/2027,Drink,2,10,20
13,9/9/2027,Sweets,3,0.5,1.5
15,9/9/2027,Drink,3,10,30
44,9/9/2027,Drink,2,10,20
99,9/9/2027,Drink,2,10,20
11,9/9/2027,Drink,3,10,30
14,9/9/2027,Drink,1,10,10
20,9/9/2027,Raisins,1,5,5
1,9/9/2027,Sweets,1,0.5,0.5
2,9/9/2027,Sweets,1,0.5,0.5
4,9/9/2027,Raisins,2,5,10
7,9/9/2027,Chips,1,2,2
7,9/9/2027,Raisins,2,5,10
8,9/9/2027,Drink,3,10,30
17,9/9/2027,Raisins,3,5,15
17,9/9/2027,Raisins,2,5,10
18,9/9/2027,Sweets,1,0.5,0.5
19,9/9/2027,Sweets,2,0.5,1
81,9/9/2027,Sweets,2,0.5,1
2,9/9/2027,Raisins,1,5,5
3,9/9/2027,Chips,3,2,6
4,9/9/2027,Chips,3,2,6
8,9/9/2027,Sweets,3,0.5,1.5
8,9/9/2027,Raisins,3,5,15
13,9/9/2027,Raisins,2,5,10
15,9/9/2027,Sweets,2,0.5,1
84,9/9/2027,Sweets,3,0.5,1.5
1,9/9/2027,Raisins,2,5,10
3,9/9/2027,Drink,3,10,30
5,9/9/2027,Raisins,2,5,10
6,9/9/2027,Sweets,2,0.5,1
12,9/9/2027,Sweets,1,0.5,0.5
18,9/9/2027,Sweets,2,0.5,1
19,9/9/2027,Raisins,1,5,5
33,9/9/2027,Sweets,3,0.5,1.5
40,9/9/2027,Raisins,2,5,10
84,9/9/2027,Raisins,1,5,5
93,9/9/2027,Chips,1,2,2
3,9/9/2027,Raisins,1,5,5
8,9/9/2027,Raisins,3,5,15
8,9/9/2027,Raisins,2,5,10
9,9/9/2027,Raisins,3,5,15
9,9/9/2027,Raisins,1,5,5
12,9/9/2027,Raisins,3,5,15
13,9/9/2027,Sweets,3,0.5,1.5
16,9/9/2027,Sweets,3,0.5,1.5
17,9/9/2027,Chips,2,2,4
20,9/9/2027,Sweets,1,0.5,0.5
96,9/9/2027,Chips,1,2,2
2,9/9/2027,Drink,1,10,10
9,9/9/2027,Drink,1,10,10
15,9/9/2027,Sweets,2,0.5,1
20,9/9/2027,Raisins,3,5,15
1,9/9/2027,Sweets,1,0.5,0.5
4,9/9/2027,Drink,3,10,30
5,9/9/2027,Raisins,3,5,15
9,9/9/2027,Drink,3,10,30
10,9/9/2027,Chips,1,2,2
13,9/9/2027,Raisins,2,5,10
17,9/9/2027,Chips,3,2,6
64,9/9/2027,Chips,3,2,6
87,9/9/2027,Drink,3,10,30
2,9/9/2027,Sweets,2,0.5,1
9,9/9/2027,Chips,2,2,4
10,9/9/2027,Raisins,1,5,5
12,9/9/2027,Drink,1,10,10
15,9/10/2027,Sweets,2,0.5,1
19,9/10/2027,Chips,2,2,4
20,9/10/2027,Sweets,2,0.5,1
41,9/10/2027,Drink,3,10,30
62,9/10/2027,Sweets,2,0.5,1
3,9/10/2027,Chips,2,2,4
7,9/10/2027,Sweets,1,0.5,0.5
7,9/10/2027,Raisins,2,5,10
8,9/10/2027,Drink,3,10,30
8,9/10/2027,Drink,2,10,20
10,9/10/2027,Raisins,2,5,10
13,9/10/2027,Raisins,2,5,10
15,9/10/2027,Chips,2,2,4
15,9/10/2027,Drink,3,10,30
19,9/10/2027,Sweets,2,0.5,1
69,9/10/2027,Sweets,3,0.5,1.5
4,9/10/2027,Drink,3,10,30
5,9/10/2027,Chips,3,2,6
5,9/10/2027,Sweets,1,0.5,0.5
6,9/10/2027,Raisins,2,5,10
6,9/10/2027,Drink,1,10,10
7,9/10/2027,Sweets,1,0.5,0.5
9,9/10/2027,Chips,2,2,4
10,9/10/2027,Drink,3,10,30
11,9/10/2027,Sweets,1,0.5,0.5
13,9/10/2027,Chips,2,2,4
25,9/10/2027,Drink,3,10,30
83,9/10/2027,Raisins,3,5,15
83,9/10/2027,Drink,1,10,10
1,9/10/2027,Drink,2,10,20
3,9/10/2027,Raisins,1,5,5
5,9/10/2027,Sweets,2,0.5,1
10,9/10/2027,Sweets,2,0.5,1
11,9/10/2027,Raisins,2,5,10
19,9/10/2027,Chips,2,2,4
20,9/10/2027,Drink,3,10,30
5,9/10/2027,Chips,2,2,4
6,9/10/2027,Raisins,1,5,5
18,9/10/2027,Sweets,1,0.5,0.5
61,9/10/2027,Drink,2,10,20
86,9/10/2027,Drink,2,10,20
95,9/10/2027,Sweets,3,0.5,1.5
97,9/10/2027,Sweets,1,0.5,0.5
1,9/10/2027,Sweets,1,0.5,0.5
4,9/10/2027,Drink,2,10,20
20,9/10/2027,Raisins,1,5,5
20,9/10/2027,Sweets,3,0.5,1.5
4,9/10/2027,Chips,3,2,6
6,9/10/2027,Drink,1,10,10
7,9/10/2027,Chips,3,2,6
10,9/10/2027,Drink,3,10,30
10,9/10/2027,Raisins,2,5,10
13,9/10/2027,Raisins,3,5,15
13,9/10/2027,Chips,1,2,2
16,9/10/2027,Sweets,2,0.5,1
18,9/10/2027,Raisins,3,5,15
20,9/10/2027,Chips,2,2,4
65,9/10/2027,Raisins,2,5,10
11,9/10/2027,Drink,2,10,20
12,9/10/2027,Sweets,1,0.5,0.5
48,9/10/2027,Sweets,3,0.5,1.5
82,9/10/2027,Chips,3,2,6
99,9/10/2027,Raisins,2,5,10
4,9/10/2027,Raisins,3,5,15
5,9/10/2027,Sweets,3,0.5,1.5
8,9/11/2027,Drink,2,10,20
9,9/11/2027,Drink,1,10,10
13,9/11/2027,Raisins,1,5,5
18,9/11/2027,Raisins,3,5,15
47,9/11/2027,Sweets,2,0.5,1
92,9/11/2027,Chips,2,2,4
1,9/11/2027,Chips,1,2,2
6,9/11/2027,Raisins,3,5,15
8,9/11/2027,Sweets,3,0.5,1.5
8,9/11/2027,Raisins,3,5,15
9,9/11/2027,Raisins,1,5,5
12,9/11/2027,Raisins,2,5,10
12,9/11/2027,Chips,2,2,4
13,9/11/2027,Raisins,1,5,5
14,9/11/2027,Sweets,2,0.5,1
16,9/11/2027,Drink,1,10,10
19,9/11/2027,Raisins,1,5,5
29,9/11/2027,Drink,1,10,10
31,9/11/2027,Sweets,2,0.5,1
77,9/11/2027,Drink,1,10,10
2,9/11/2027,Sweets,2,0.5,1
2,9/11/2027,Drink,2,10,20
4,9/11/2027,Sweets,2,0.5,1
8,9/11/2027,Raisins,3,5,15
9,9/11/2027,Drink,2,10,20
9,9/11/2027,Drink,3,10,30
9,9/11/2027,Raisins,1,5,5
9,9/11/2027,Sweets,1,0.5,0.5
9,9/11/2027,Chips,2,2,4
10,9/11/2027,Chips,2,2,4
11,9/11/2027,Raisins,1,5,5
15,9/11/2027,Chips,2,2,4
18,9/11/2027,Sweets,2,0.5,1
2,9/11/2027,Raisins,1,5,5
3,9/11/2027,Drink,1,10,10
4,9/11/2027,Chips,1,2,2
5,9/11/2027,Raisins,1,5,5
8,9/11/2027,Chips,2,2,4
9,9/11/2027,Chips,2,2,4
10,9/11/2027,Drink,2,10,20
17,9/11/2027,Raisins,3,5,15
18,9/11/2027,Drink,1,10,10
19,9/11/2027,Raisins,1,5,5
32,9/11/2027,Chips,1,2,2
82,9/11/2027,Sweets,1,0.5,0.5
1,9/11/2027,Raisins,1,5,5
4,9/11/2027,Drink,2,10,20
5,9/11/2027,Drink,3,10,30
6,9/11/2027,Raisins,2,5,10
8,9/11/2027,Drink,3,10,30
10,9/11/2027,Sweets,3,0.5,1.5
12,9/11/2027,Chips,3,2,6
12,9/11/2027,Sweets,1,0.5,0.5
13,9/11/2027,Raisins,2,5,10
17,9/11/2027,Sweets,2,0.5,1
18,9/11/2027,Chips,2,2,4
19,9/11/2027,Chips,3,2,6
100,9/11/2027,Sweets,2,0.5,1
3,9/11/2027,Chips,3,2,6
5,9/11/2027,Drink,1,10,10
7,9/11/2027,Chips,2,2,4
8,9/11/2027,Raisins,3,5,15
10,9/11/2027,Raisins,2,5,10
10,9/11/2027,Chips,3,2,6
12,9/11/2027,Raisins,3,5,15
16,9/11/2027,Raisins,3,5,15
48,9/11/2027,Chips,2,2,4
81,9/11/2027,Drink,3,10,30
85,9/11/2027,Sweets,2,0.5,1
94,9/11/2027,Sweets,2,0.5,1
7,9/11/2027,Raisins,1,5,5
8,9/11/2027,Drink,2,10,20
11,9/11/2027,Raisins,3,5,15
12,9/11/2027,Raisins,3,5,15
13,9/11/2027,Sweets,1,0.5,0.5
17,9/11/2027,Raisins,2,5,10
18,9/11/2027,Sweets,1,0.5,0.5
89,9/11/2027,Sweets,3,0.5,1.5
100,9/11/2027,Raisins,2,5,10
2,9/11/2027,Drink,2,10,20
2,9/11/2027,Drink,2,10,20
6,9/11/2027,Raisins,3,5,15
7,9/11/2027,Chips,3,2,6
7,9/11/2027,Sweets,2,0.5,1
10,9/11/2027,Drink,1,10,10
10,9/11/2027,Drink,3,10,30
11,9/11/2027,Drink,1,10,10
13,9/11/2027,Sweets,3,0.5,1.5
14,9/11/2027,Raisins,3,5,15
15,9/11/2027,Sweets,1,0.5,0.5
6,9/11/2027,Raisins,3,5,15
7,9/11/2027,Drink,2,10,20
9,9/11/2027,Drink,3,10,30
13,9/11/2027,Chips,2,2,4
14,9/11/2027,Drink,2,10,20
14,9/11/2027,Chips,2,2,4
19,9/11/2027,Sweets,3,0.5,1.5
20,9/11/2027,Chips,3,2,6
53,9/11/2027,Sweets,3,0.5,1.5
59,9/11/2027,Drink,1,10,10
1,9/11/2027,Raisins,3,5,15
1,9/11/2027,Drink,2,10,20
2,9/11/2027,Raisins,3,5,15
5,9/11/2027,Drink,2,10,20
6,9/11/2027,Sweets,3,0.5,1.5
7,9/11/2027,Chips,3,2,6
9,9/11/2027,Raisins,2,5,10
14,9/11/2027,Drink,2,10,20
14,9/11/2027,Raisins,3,5,15
66,9/11/2027,Raisins,1,5,5
88,9/11/2027,Raisins,2,5,10
95,9/11/2027,Chips,2,2,4
2,9/11/2027,Drink,3,10,30
4,9/11/2027,Raisins,3,5,15
6,9/12/2027,Drink,3,10,30
13,9/12/2027,Sweets,1,0.5,0.5
15,9/12/2027,Drink,3,10,30
16,9/12/2027,Raisins,2,5,10
94,9/12/2027,Chips,3,2,6
2,9/12/2027,Sweets,3,0.5,1.5
3,9/12/2027,Sweets,1,0.5,0.5
5,9/12/2027,Drink,2,10,20
5,9/12/2027,Drink,1,10,10
14,9/12/2027,Chips,2,2,4
15,9/12/2027,Sweets,1,0.5,0.5
15,9/12/2027,Drink,3,10,30
68,9/12/2027,Chips,2,2,4
81,9/12/2027,Raisins,1,5,5
92,9/12/2027,Drink,2,10,20
100,9/12/2027,Raisins,2,5,10
1,9/12/2027,Drink,2,10,20
5,9/12/2027,Sweets,3,0.5,1.5
7,9/12/2027,Chips,1,2,2
10,9/12/2027,Chips,1,2,2
14,9/12/2027,Sweets,1,0.5,0.5
15,9/12/2027,Drink,2,10,20
17,9/12/2027,Raisins,3,5,15
92,9/12/2027,Sweets,1,0.5,0.5
97,9/12/2027,Sweets,3,0.5,1.5
97,9/12/2027,Raisins,1,5,5
3,9/12/2027,Drink,1,10,10
5,9/12/2027,Raisins,3,5,15
5,9/12/2027,Chips,3,2,6
9,9/12/2027,Sweets,3,0.5,1.5
9,9/12/2027,Drink,3,10,30
9,9/12/2027,Chips,2,2,4
11,9/12/2027,Sweets,1,0.5,0.5
15,9/12/2027,Chips,2,2,4
15,9/12/2027,Sweets,1,0.5,0.5
15,9/12/2027,Raisins,1,5,5
16,9/12/2027,Raisins,2,5,10
16,9/12/2027,Raisins,3,5,15
31,9/12/2027,Chips,2,2,4
34,9/12/2027,Raisins,3,5,15
43,9/12/2027,Chips,3,2,6
94,9/12/2027,Raisins,1,5,5
94,9/12/2027,Raisins,2,5,10
4,9/12/2027,Raisins,3,5,15
9,9/12/2027,Sweets,2,0.5,1
9,9/12/2027,Raisins,1,5,5
12,9/12/2027,Drink,1,10,10
12,9/12/2027,Raisins,1,5,5
16,9/12/2027,Sweets,1,0.5,0.5
17,9/12/2027,Chips,2,2,4
19,9/12/2027,Drink,2,10,20
19,9/12/2027,Sweets,1,0.5,0.5
20,9/12/2027,Drink,3,10,30
76,9/12/2027,Sweets,3,0.5,1.5
90,9/12/2027,Raisins,1,5,5
2,9/12/2027,Raisins,3,5,15
2,9/12/2027,Raisins,3,5,15
6,9/12/2027,Raisins,1,5,5
10,9/12/2027,Sweets,1,0.5,0.5
10,9/12/2027,Sweets,2,0.5,1
16,9/12/2027,Raisins,3,5,15
17,9/12/2027,Drink,1,10,10
18,9/12/2027,Sweets,2,0.5,1
81,9/12/2027,Raisins,2,5,10
86,9/12/2027,Chips,1,2,2
89,9/12/2027,Sweets,1,0.5,0.5
2,9/12/2027,Drink,1,10,10
3,9/12/2027,Sweets,1,0.5,0.5
8,9/12/2027,Sweets,1,0.5,0.5
10,9/12/2027,Raisins,3,5,15
13,9/12/2027,Raisins,3,5,15
13,9/12/2027,Chips,1,2,2
16,9/12/2027,Raisins,2,5,10
24,9/12/2027,Drink,1,10,10
96,9/12/2027,Raisins,3,5,15
2,9/12/2027,Drink,3,10,30
14,9/12/2027,Drink,3,10,30
45,9/12/2027,Sweets,2,0.5,1
6,9/12/2027,Sweets,2,0.5,1
10,9/12/2027,Chips,2,2,4
11,9/12/2027,Raisins,2,5,10
15,9/12/2027,Raisins,3,5,15
15,9/12/2027,Drink,1,10,10
17,9/12/2027,Sweets,3,0.5,1.5
20,9/12/2027,Raisins,2,5,10
23,9/12/2027,Sweets,3,0.5,1.5
38,9/12/2027,Chips,3,2,6
57,9/12/2027,Drink,2,10,20
98,9/12/2027,Chips,2,2,4
1,9/12/2027,Drink,2,10,20
3,9/12/2027,Sweets,3,0.5,1.5
5,9/12/2027,Raisins,3,5,15
7,9/12/2027,Raisins,1,5,5
9,9/12/2027,Chips,2,2,4
10,9/12/2027,Sweets,3,0.5,1.5
10,9/12/2027,Raisins,3,5,15
15,9/12/2027,Drink,3,10,30
16,9/12/2027,Drink,2,10,20
17,9/13/2027,Sweets,2,0.5,1
19,9/13/2027,Chips,3,2,6
91,9/13/2027,Drink,1,10,10
98,9/13/2027,Sweets,3,0.5,1.5
1,9/13/2027,Raisins,2,5,10
7,9/13/2027,Chips,1,2,2
9,9/13/2027,Drink,3,10,30
12,9/13/2027,Sweets,1,0.5,0.5
16,9/13/2027,Sweets,3,0.5,1.5
20,9/13/2027,Raisins,2,5,10
28,9/13/2027,Sweets,1,0.5,0.5
50,9/13/2027,Chips,2,2,4
85,9/13/2027,Sweets,3,0.5,1.5
86,9/13/2027,Chips,2,2,4
94,9/13/2027,Chips,1,2,2
1,9/13/2027,Sweets,1,0.5,0.5
1,9/13/2027,Sweets,2,0.5,1
2,9/13/2027,Raisins,3,5,15
2,9/13/2027,Chips,2,2,4
3,9/13/2027,Raisins,1,5,5
7,9/13/2027,Sweets,1,0.5,0.5
8,9/13/2027,Sweets,2,0.5,1
8,9/13/2027,Sweets,3,0.5,1.5
8,9/13/2027,Sweets,2,0.5,1
12,9/13/2027,Sweets,3,0.5,1.5
19,9/13/2027,Drink,2,10,20
19,9/13/2027,Chips,1,2,2
19,9/13/2027,Drink,2,10,20
20,9/13/2027,Drink,3,10,30
57,9/13/2027,Raisins,3,5,15
100,9/13/2027,Raisins,1,5,5
3,9/13/2027,Sweets,1,0.5,0.5
3,9/13/2027,Sweets,1,0.5,0.5
5,9/13/2027,Sweets,3,0.5,1.5
7,9/13/2027,Drink,2,10,20
7,9/13/2027,Sweets,2,0.5,1
7,9/13/2027,Sweets,1,0.5,0.5
8,9/13/2027,Raisins,3,5,15
9,9/13/2027,Drink,2,10,20
12,9/13/2027,Chips,3,2,6
14,9/13/2027,Raisins,2,5,10
17,9/13/2027,Drink,1,10,10
17,9/13/2027,Sweets,2,0.5,1
18,9/13/2027,Raisins,2,5,10
18,9/13/2027,Drink,2,10,20
81,9/13/2027,Sweets,3,0.5,1.5
94,9/13/2027,Chips,1,2,2
1,9/13/2027,Chips,2,2,4
4,9/13/2027,Chips,2,2,4
5,9/13/2027,Sweets,3,0.5,1.5
7,9/13/2027,Raisins,1,5,5
10,9/13/2027,Chips,1,2,2
11,9/13/2027,Chips,3,2,6
12,9/13/2027,Raisins,2,5,10
13,9/13/2027,Sweets,2,0.5,1
14,9/13/2027,Chips,3,2,6
14,9/13/2027,Drink,2,10,20
15,9/13/2027,Raisins,1,5,5
15,9/13/2027,Sweets,1,0.5,0.5
16,9/13/2027,Sweets,3,0.5,1.5
88,9/13/2027,Raisins,1,5,5
5,9/13/2027,Raisins,2,5,10
6,9/13/2027,Chips,3,2,6
7,9/13/2027,Raisins,2,5,10
8,9/13/2027,Drink,2,10,20
8,9/13/2027,Chips,1,2,2
9,9/13/2027,Drink,1,10,10
10,9/13/2027,Chips,2,2,4
11,9/13/2027,Chips,3,2,6
15,9/13/2027,Drink,2,10,20
20,9/13/2027,Raisins,3,5,15
82,9/13/2027,Sweets,3,0.5,1.5
88,9/13/2027,Drink,1,10,10
2,9/13/2027,Chips,2,2,4
4,9/13/2027,Chips,3,2,6
5,9/13/2027,Chips,3,2,6
6,9/13/2027,Chips,2,2,4
14,9/13/2027,Sweets,1,0.5,0.5
18,9/13/2027,Sweets,3,0.5,1.5
20,9/13/2027,Drink,2,10,20
46,9/13/2027,Raisins,2,5,10
88,9/13/2027,Sweets,1,0.5,0.5
99,9/13/2027,Sweets,1,0.5,0.5
1,9/14/2027,Chips,1,2,2
2,9/14/2027,Raisins,2,5,10
4,9/14/2027,Drink,1,10,10
7,9/14/2027,Drink,1,10,10
7,9/14/2027,Raisins,1,5,5
8,9/14/2027,Raisins,2,5,10
9,9/14/2027,Drink,2,10,20
9,9/14/2027,Raisins,1,5,5
12,9/14/2027,Drink,2,10,20
14,9/14/2027,Sweets,3,0.5,1.5
16,9/14/2027,Sweets,3,0.5,1.5
19,9/14/2027,Chips,3,2,6
2,9/14/2027,Chips,1,2,2
6,9/14/2027,Sweets,1,0.5,0.5
6,9/14/2027,Raisins,1,5,5
7,9/14/2027,Chips,2,2,4
8,9/14/2027,Raisins,3,5,15
9,9/14/2027,Chips,2,2,4
10,9/14/2027,Sweets,1,0.5,0.5
12,9/14/2027,Drink,2,10,20
12,9/14/2027,Raisins,2,5,10
16,9/14/2027,Sweets,1,0.5,0.5
93,9/14/2027,Raisins,1,5,5
94,9/14/2027,Drink,3,10,30
2,9/14/2027,Drink,2,10,20
5,9/14/2027,Drink,1,10,10
9,9/14/2027,Drink,2,10,20
9,9/14/2027,Sweets,1,0.5,0.5
11,9/14/2027,Sweets,2,0.5,1
17,9/14/2027,Chips,1,2,2
17,9/14/2027,Chips,1,2,2
60,9/14/2027,Drink,2,10,20
6,9/14/2027,Chips,1,2,2
6,9/14/2027,Drink,1,10,10
8,9/14/2027,Raisins,2,5,10
12,9/14/2027,Drink,2,10,20
12,9/14/2027,Sweets,2,0.5,1
12,9/14/2027,Chips,1,2,2
13,9/14/2027,Drink,2,10,20
18,9/14/2027,Sweets,2,0.5,1
19,9/14/2027,Chips,3,2,6
19,9/14/2027,Sweets,1,0.5,0.5
20,9/14/2027,Raisins,1,5,5
21,9/14/2027,Chips,2,2,4
36,9/14/2027,Chips,2,2,4
69,9/14/2027,Raisins,2,5,10
96,9/14/2027,Raisins,1,5,5
2,9/14/2027,Raisins,3,5,15
2,9/14/2027,Sweets,3,0.5,1.5
4,9/14/2027,Drink,2,10,20
4,9/14/2027,Drink,1,10,10
8,9/14/2027,Raisins,3,5,15
8,9/14/2027,Drink,2,10,20
10,9/14/2027,Drink,2,10,20
11,9/14/2027,Raisins,1,5,5
14,9/14/2027,Raisins,2,5,10
87,9/14/2027,Chips,3,2,6
5,9/14/2027,Drink,3,10,30
8,9/14/2027,Sweets,3,0.5,1.5
9,9/14/2027,Drink,2,10,20
10,9/14/2027,Drink,3,10,30
11,9/14/2027,Sweets,3,0.5,1.5
17,9/14/2027,Sweets,2,0.5,1
17,9/14/2027,Drink,1,10,10
18,9/14/2027,Drink,3,10,30
70,9/14/2027,Sweets,3,0.5,1.5
2,9/14/2027,Raisins,3,5,15
5,9/14/2027,Sweets,1,0.5,0.5
5,9/14/2027,Chips,3,2,6
7,9/14/2027,Sweets,2,0.5,1
9,9/14/2027,Raisins,1,5,5
12,9/14/2027,Sweets,3,0.5,1.5
12,9/14/2027,Drink,2,10,20
13,9/14/2027,Raisins,3,5,15
14,9/14/2027,Sweets,1,0.5,0.5
19,9/14/2027,Drink,1,10,10
20,9/15/2027,Chips,3,2,6
90,9/15/2027,Chips,2,2,4
98,9/15/2027,Raisins,2,5,10
98,9/15/2027,Raisins,2,5,10
8,9/15/2027,Raisins,1,5,5
8,9/15/2027,Drink,1,10,10
13,9/15/2027,Raisins,3,5,15
13,9/15/2027,Raisins,1,5,5
13,9/15/2027,Chips,1,2,2
17,9/15/2027,Sweets,2,0.5,1
19,9/15/2027,Chips,1,2,2
90,9/15/2027,Drink,3,10,30
93,9/15/2027,Drink,2,10,20
2,9/15/2027,Chips,3,2,6
3,9/15/2027,Raisins,2,5,10
4,9/15/2027,Sweets,3,0.5,1.5
8,9/15/2027,Sweets,3,0.5,1.5
8,9/15/2027,Drink,3,10,30
9,9/15/2027,Raisins,3,5,15
10,9/15/2027,Chips,1,2,2
12,9/15/2027,Sweets,2,0.5,1
12,9/15/2027,Raisins,3,5,15
12,9/15/2027,Sweets,2,0.5,1
13,9/15/2027,Chips,2,2,4
14,9/15/2027,Raisins,1,5,5
14,9/15/2027,Drink,3,10,30
19,9/15/2027,Raisins,2,5,10
26,9/15/2027,Raisins,1,5,5
90,9/15/2027,Sweets,2,0.5,1
4,9/15/2027,Chips,1,2,2
9,9/15/2027,Raisins,1,5,5
10,9/15/2027,Raisins,2,5,10
13,9/15/2027,Sweets,2,0.5,1
15,9/15/2027,Drink,1,10,10
16,9/15/2027,Sweets,3,0.5,1.5
40,9/15/2027,Chips,2,2,4
58,9/15/2027,Raisins,1,5,5
1,9/15/2027,Drink,3,10,30
1,9/15/2027,Chips,2,2,4
2,9/15/2027,Sweets,1,0.5,0.5
3,9/15/2027,Chips,2,2,4
4,9/15/2027,Sweets,3,0.5,1.5
4,9/15/2027,Raisins,2,5,10
5,9/15/2027,Sweets,1,0.5,0.5
11,9/15/2027,Drink,3,10,30
11,9/15/2027,Sweets,3,0.5,1.5
12,9/15/2027,Drink,3,10,30
15,9/15/2027,Chips,3,2,6
78,9/15/2027,Raisins,3,5,15
89,9/15/2027,Chips,1,2,2
90,9/15/2027,Raisins,1,5,5
4,9/15/2027,Drink,3,10,30
7,9/15/2027,Sweets,1,0.5,0.5
8,9/15/2027,Raisins,2,5,10
9,9/16/2027,Sweets,3,0.5,1.5
11,9/16/2027,Raisins,2,5,10
16,9/16/2027,Drink,3,10,30
52,9/16/2027,Sweets,1,0.5,0.5
87,9/16/2027,Drink,2,10,20
94,9/16/2027,Chips,3,2,6
2,9/16/2027,Chips,1,2,2
4,9/16/2027,Drink,2,10,20
7,9/16/2027,Sweets,1,0.5,0.5
7,9/16/2027,Chips,2,2,4
14,9/16/2027,Chips,2,2,4
18,9/16/2027,Sweets,3,0.5,1.5
19,9/16/2027,Sweets,2,0.5,1
92,9/16/2027,Drink,2,10,20
94,9/16/2027,Drink,1,10,10
5,9/16/2027,Sweets,2,0.5,1
7,9/16/2027,Drink,2,10,20
7,9/16/2027,Drink,2,10,20
8,9/16/2027,Raisins,1,5,5
8,9/16/2027,Drink,3,10,30
9,9/16/2027,Drink,1,10,10
12,9/16/2027,Sweets,1,0.5,0.5
15,9/16/2027,Chips,1,2,2
16,9/16/2027,Sweets,2,0.5,1
16,9/16/2027,Sweets,3,0.5,1.5
18,9/16/2027,Drink,1,10,10
90,9/16/2027,Sweets,3,0.5,1.5
2,9/16/2027,Raisins,1,5,5
2,9/16/2027,Sweets,1,0.5,0.5
3,9/16/2027,Raisins,3,5,15
3,9/16/2027,Drink,2,10,20
6,9/16/2027,Sweets,2,0.5,1
12,9/16/2027,Raisins,2,5,10
15,9/16/2027,Raisins,1,5,5
17,9/16/2027,Sweets,2,0.5,1
18,9/16/2027,Raisins,2,5,10
19,9/16/2027,Raisins,2,5,10
20,9/16/2027,Raisins,2,5,10
20,9/16/2027,Sweets,1,0.5,0.5
93,9/16/2027,Raisins,1,5,5
2,9/16/2027,Sweets,3,0.5,1.5
2,9/16/2027,Sweets,1,0.5,0.5
5,9/16/2027,Drink,1,10,10
5,9/16/2027,Raisins,3,5,15
7,9/16/2027,Chips,2,2,4
10,9/16/2027,Chips,2,2,4
11,9/16/2027,Chips,1,2,2
15,9/16/2027,Chips,3,2,6
16,9/16/2027,Drink,1,10,10
16,9/16/2027,Sweets,1,0.5,0.5
17,9/16/2027,Chips,1,2,2
17,9/16/2027,Sweets,2,0.5,1
82,9/16/2027,Sweets,1,0.5,0.5
4,9/16/2027,Chips,3,2,6
4,9/16/2027,Drink,2,10,20
8,9/16/2027,Sweets,2,0.5,1
8,9/16/2027,Chips,1,2,2
14,9/16/2027,Drink,1,10,10
14,9/16/2027,Drink,1,10,10
18,9/16/2027,Drink,3,10,30
18,9/16/2027,Raisins,2,5,10
19,9/16/2027,Drink,3,10,30
19,9/16/2027,Sweets,3,0.5,1.5
64,9/16/2027,Sweets,3,0.5,1.5
88,9/16/2027,Drink,3,10,30
96,9/16/2027,Drink,2,10,20
98,9/16/2027,Chips,2,2,4
3,9/16/2027,Sweets,1,0.5,0.5
4,9/16/2027,Drink,3,10,30
6,9/16/2027,Raisins,1,5,5
9,9/16/2027,Chips,2,2,4
9,9/16/2027,Sweets,2,0.5,1
11,9/16/2027,Raisins,3,5,15
12,9/16/2027,Chips,1,2,2
13,9/16/2027,Raisins,2,5,10
14,9/16/2027,Chips,3,2,6
18,9/16/2027,Drink,2,10,20
18,9/16/2027,Chips,3,2,6
20,9/16/2027,Drink,3,10,30
20,9/16/2027,Drink,2,10,20
24,9/17/2027,Drink,1,10,10
84,9/17/2027,Drink,2,10,20
1,9/17/2027,Drink,3,10,30
1,9/17/2027,Chips,2,2,4
4,9/17/2027,Chips,2,2,4
6,9/17/2027,Raisins,1,5,5
9,9/17/2027,Drink,2,10,20
12,9/17/2027,Chips,1,2,2
13,9/17/2027,Raisins,1,5,5
13,9/17/2027,Chips,3,2,6
15,9/17/2027,Chips,3,2,6
30,9/17/2027,Sweets,3,0.5,1.5
5,9/17/2027,Drink,1,10,10
5,9/17/2027,Chips,3,2,6
6,9/17/2027,Drink,3,10,30
8,9/17/2027,Drink,2,10,20
10,9/17/2027,Raisins,2,5,10
13,9/17/2027,Raisins,2,5,10
14,9/17/2027,Chips,3,2,6
16,9/17/2027,Drink,3,10,30
21,9/17/2027,Drink,1,10,10
94,9/17/2027,Raisins,3,5,15
3,9/17/2027,Sweets,2,0.5,1
4,9/17/2027,Sweets,2,0.5,1
5,9/17/2027,Raisins,1,5,5
9,9/17/2027,Drink,2,10,20
10,9/17/2027,Drink,2,10,20
14,9/17/2027,Drink,2,10,20
15,9/17/2027,Sweets,2,0.5,1
84,9/17/2027,Chips,1,2,2
2,9/17/2027,Drink,1,10,10
3,9/17/2027,Raisins,2,5,10
3,9/17/2027,Sweets,3,0.5,1.5
4,9/17/2027,Raisins,2,5,10
6,9/17/2027,Drink,2,10,20
12,9/17/2027,Chips,2,2,4
14,9/17/2027,Drink,1,10,10
14,9/17/2027,Drink,3,10,30
56,9/17/2027,Raisins,3,5,15
83,9/17/2027,Sweets,2,0.5,1
6,9/17/2027,Raisins,1,5,5
7,9/17/2027,Drink,1,10,10
9,9/17/2027,Drink,2,10,20
12,9/17/2027,Raisins,3,5,15
17,9/17/2027,Raisins,3,5,15
18,9/17/2027,Drink,3,10,30
19,9/17/2027,Drink,1,10,10
20,9/17/2027,Drink,1,10,10
44,9/17/2027,Chips,2,2,4
83,9/17/2027,Drink,3,10,30
5,9/17/2027,Chips,1,2,2
7,9/17/2027,Raisins,3,5,15
9,9/17/2027,Drink,1,10,10
11,9/17/2027,Raisins,2,5,10
14,9/17/2027,Sweets,2,0.5,1
14,9/17/2027,Sweets,1,0.5,0.5
14,9/17/2027,Sweets,2,0.5,1
14,9/17/2027,Chips,2,2,4
16,9/17/2027,Chips,2,2,4
17,9/17/2027,Raisins,1,5,5
19,9/17/2027,Raisins,3,5,15
3,9/17/2027,Chips,2,2,4
7,9/17/2027,Sweets,3,0.5,1.5
8,9/17/2027,Drink,2,10,20
9,9/17/2027,Raisins,1,5,5
9,9/17/2027,Drink,1,10,10
91,9/17/2027,Sweets,1,0.5,0.5
1,9/17/2027,Drink,2,10,20
2,9/17/2027,Chips,1,2,2
3,9/17/2027,Sweets,2,0.5,1
5,9/17/2027,Drink,1,10,10
5,9/17/2027,Sweets,2,0.5,1
5,9/17/2027,Drink,3,10,30
6,9/18/2027,Drink,2,10,20
6,9/18/2027,Raisins,2,5,10
6,9/18/2027,Drink,3,10,30
9,9/18/2027,Sweets,3,0.5,1.5
12,9/18/2027,Sweets,1,0.5,0.5
14,9/18/2027,Chips,3,2,6
16,9/18/2027,Sweets,1,0.5,0.5
17,9/18/2027,Chips,1,2,2
19,9/18/2027,Raisins,3,5,15
20,9/18/2027,Chips,3,2,6
1,9/18/2027,Raisins,3,5,15
2,9/18/2027,Drink,3,10,30
4,9/18/2027,Chips,1,2,2
5,9/18/2027,Raisins,2,5,10
5,9/18/2027,Drink,2,10,20
10,9/18/2027,Chips,1,2,2
13,9/18/2027,Chips,2,2,4
15,9/18/2027,Drink,1,10,10
17,9/18/2027,Chips,3,2,6
19,9/18/2027,Drink,2,10,20
5,9/18/2027,Chips,2,2,4
6,9/18/2027,Chips,1,2,2
8,9/18/2027,Chips,3,2,6
9,9/18/2027,Chips,3,2,6
10,9/18/2027,Drink,3,10,30
10,9/18/2027,Chips,2,2,4
12,9/18/2027,Sweets,1,0.5,0.5
13,9/18/2027,Sweets,3,0.5,1.5
15,9/18/2027,Chips,1,2,2
15,9/18/2027,Raisins,3,5,15
19,9/18/2027,Sweets,3,0.5,1.5
91,9/18/2027,Sweets,3,0.5,1.5
91,9/18/2027,Drink,1,10,10
2,9/18/2027,Chips,1,2,2
5,9/18/2027,Drink,3,10,30
6,9/18/2027,Chips,3,2,6
7,9/18/2027,Raisins,2,5,10
8,9/18/2027,Chips,1,2,2
9,9/18/2027,Chips,1,2,2
9,9/18/2027,Chips,1,2,2
11,9/18/2027,Raisins,1,5,5
12,9/18/2027,Drink,3,10,30
12,9/18/2027,Sweets,3,0.5,1.5
15,9/18/2027,Raisins,3,5,15
20,9/18/2027,Drink,2,10,20
47,9/18/2027,Chips,3,2,6
58,9/18/2027,Sweets,2,0.5,1
99,9/18/2027,Sweets,2,0.5,1
5,9/18/2027,Chips,1,2,2
6,9/18/2027,Raisins,2,5,10
11,9/18/2027,Sweets,3,0.5,1.5
13,9/18/2027,Sweets,2,0.5,1
19,9/18/2027,Drink,3,10,30
1,9/18/2027,Drink,2,10,20
3,9/18/2027,Drink,3,10,30
7,9/18/2027,Raisins,2,5,10
11,9/18/2027,Raisins,1,5,5
12,9/18/2027,Drink,3,10,30
20,9/18/2027,Drink,3,10,30
37,9/18/2027,Chips,2,2,4
89,9/18/2027,Drink,3,10,30
96,9/18/2027,Sweets,3,0.5,1.5
100,9/18/2027,Chips,2,2,4
4,9/18/2027,Raisins,3,5,15
4,9/18/2027,Chips,2,2,4
5,9/18/2027,Chips,1,2,2
8,9/18/2027,Chips,1,2,2
9,9/18/2027,Raisins,3,5,15
10,9/18/2027,Chips,1,2,2
10,9/18/2027,Raisins,3,5,15
14,9/18/2027,Chips,3,2,6
20,9/18/2027,Drink,3,10,30
20,9/18/2027,Drink,1,10,10
83,9/18/2027,Chips,3,2,6
100,9/18/2027,Chips,2,2,4
8,9/18/2027,Raisins,1,5,5
9,9/18/2027,Drink,2,10,20
10,9/18/2027,Sweets,3,0.5,1.5
10,9/18/2027,Raisins,1,5,5
10,9/18/2027,Sweets,3,0.5,1.5
10,9/18/2027,Drink,1,10,10
14,9/18/2027,Drink,3,10,30
14,9/18/2027,Raisins,3,5,15
16,9/18/2027,Chips,3,2,6
17,9/18/2027,Chips,2,2,4
84,9/18/2027,Sweets,2,0.5,1
6,9/18/2027,Sweets,2,0.5,1
14,9/18/2027,Raisins,1,5,5
15,9/18/2027,Sweets,3,0.5,1.5
16,9/18/2027,Raisins,1,5,5
20,9/19/2027,Raisins,1,5,5
42,9/19/2027,Chips,3,2,6
1,9/19/2027,Sweets,3,0.5,1.5
2,9/19/2027,Chips,1,2,2
3,9/19/2027,Raisins,3,5,15
4,9/19/2027,Raisins,3,5,15
4,9/19/2027,Drink,3,10,30
4,9/19/2027,Chips,1,2,2
5,9/19/2027,Chips,2,2,4
6,9/19/2027,Raisins,3,5,15
9,9/19/2027,Chips,1,2,2
12,9/19/2027,Sweets,2,0.5,1
13,9/19/2027,Drink,1,10,10
14,9/19/2027,Raisins,1,5,5
16,9/19/2027,Drink,1,10,10
82,9/19/2027,Raisins,2,5,10
85,9/19/2027,Sweets,2,0.5,1
3,9/19/2027,Raisins,1,5,5
8,9/19/2027,Chips,3,2,6
10,9/19/2027,Raisins,2,5,10
12,9/19/2027,Chips,1,2,2
12,9/19/2027,Drink,2,10,20
20,9/19/2027,Drink,2,10,20
20,9/19/2027,Drink,2,10,20
34,9/19/2027,Raisins,3,5,15
37,9/19/2027,Raisins,2,5,10
14,9/19/2027,Sweets,3,0.5,1.5
15,9/19/2027,Raisins,3,5,15
15,9/19/2027,Raisins,2,5,10
20,9/19/2027,Chips,2,2,4
87,9/19/2027,Drink,1,10,10
1,9/19/2027,Sweets,3,0.5,1.5
1,9/19/2027,Sweets,1,0.5,0.5
5,9/19/2027,Drink,3,10,30
8,9/19/2027,Raisins,1,5,5
15,9/19/2027,Drink,2,10,20
20,9/19/2027,Raisins,3,5,15
91,9/19/2027,Drink,3,10,30
5,9/19/2027,Sweets,2,0.5,1
6,9/19/2027,Chips,2,2,4
7,9/19/2027,Drink,1,10,10
12,9/19/2027,Drink,2,10,20
12,9/19/2027,Sweets,2,0.5,1
18,9/19/2027,Raisins,1,5,5
20,9/19/2027,Chips,1,2,2
27,9/19/2027,Drink,3,10,30
43,9/19/2027,Raisins,2,5,10
94,9/19/2027,Sweets,1,0.5,0.5
95,9/19/2027,Drink,1,10,10
1,9/19/2027,Sweets,3,0.5,1.5
2,9/19/2027,Drink,3,10,30
7,9/19/2027,Drink,3,10,30
8,9/19/2027,Raisins,1,5,5
9,9/19/2027,Chips,3,2,6
11,9/19/2027,Raisins,1,5,5
11,9/19/2027,Drink,2,10,20
12,9/19/2027,Sweets,2,0.5,1
15,9/19/2027,Sweets,1,0.5,0.5
54,9/19/2027,Sweets,2,0.5,1
73,9/19/2027,Sweets,1,0.5,0.5
87,9/19/2027,Drink,1,10,10
100,9/19/2027,Sweets,2,0.5,1
8,9/19/2027,Raisins,3,5,15
9,9/19/2027,Drink,3,10,30
10,9/19/2027,Chips,1,2,2
10,9/19/2027,Raisins,2,5,10
10,9/19/2027,Chips,1,2,2
10,9/19/2027,Chips,2,2,4
14,9/19/2027,Raisins,1,5,5
14,9/19/2027,Raisins,1,5,5
16,9/19/2027,Raisins,1,5,5
17,9/19/2027,Sweets,2,0.5,1
84,9/19/2027,Sweets,2,0.5,1
6,9/19/2027,Sweets,3,0.5,1.5
14,9/19/2027,Chips,3,2,6
15,9/19/2027,Sweets,3,0.5,1.5
16,9/19/2027,Raisins,2,5,10
20,9/19/2027,Drink,2,10,20
42,9/19/2027,Raisins,2,5,10
1,9/19/2027,Chips,1,2,2
2,9/20/2027,Drink,1,10,10
3,9/20/2027,Drink,1,10,10
4,9/20/2027,Raisins,3,5,15
4,9/20/2027,Raisins,2,5,10
4,9/20/2027,Sweets,2,0.5,1
5,9/20/2027,Sweets,1,0.5,0.5
6,9/20/2027,Drink,2,10,20
9,9/20/2027,Chips,3,2,6
12,9/20/2027,Drink,1,10,10
13,9/20/2027,Drink,1,10,10
14,9/20/2027,Drink,1,10,10
16,9/20/2027,Chips,1,2,2
82,9/20/2027,Sweets,1,0.5,0.5
85,9/20/2027,Chips,3,2,6
3,9/20/2027,Sweets,3,0.5,1.5
8,9/20/2027,Drink,2,10,20
10,9/20/2027,Chips,3,2,6
12,9/20/2027,Chips,3,2,6
12,9/20/2027,Sweets,3,0.5,1.5
20,9/20/2027,Raisins,2,5,10
20,9/20/2027,Sweets,1,0.5,0.5
34,9/20/2027,Drink,2,10,20
37,9/20/2027,Chips,2,2,4
63,9/20/2027,Raisins,1,5,5
86,9/20/2027,Chips,3,2,6
99,9/20/2027,Drink,1,10,10
4,9/20/2027,Sweets,3,0.5,1.5
4,9/20/2027,Chips,1,2,2
8,9/20/2027,Sweets,2,0.5,1
13,9/20/2027,Chips,3,2,6
18,9/20/2027,Sweets,1,0.5,0.5
32,9/20/2027,Drink,3,10,30
59,9/20/2027,Sweets,2,0.5,1
8,9/20/2027,Raisins,3,5,15
10,9/20/2027,Raisins,1,5,5
11,9/20/2027,Raisins,1,5,5
12,9/20/2027,Chips,1,2,2
16,9/20/2027,Chips,2,2,4
18,9/20/2027,Drink,3,10,30
18,9/20/2027,Chips,2,2,4
94,9/20/2027,Raisins,2,5,10
3,9/20/2027,Sweets,3,0.5,1.5
7,9/20/2027,Sweets,1,0.5,0.5
11,9/20/2027,Chips,3,2,6
13,9/20/2027,Sweets,1,0.5,0.5
13,9/20/2027,Drink,1,10,10
19,9/20/2027,Sweets,2,0.5,1
71,9/20/2027,Chips,3,2,6
84,9/20/2027,Raisins,2,5,10
7,9/20/2027,Drink,1,10,10
8,9/20/2027,Sweets,2,0.5,1
9,9/20/2027,Chips,1,2,2
13,9/20/2027,Raisins,2,5,10
16,9/20/2027,Raisins,2,5,10
16,9/20/2027,Chips,3,2,6
62,9/20/2027,Chips,1,2,2
1,9/20/2027,Sweets,1,0.5,0.5
2,9/20/2027,Chips,1,2,2
2,9/20/2027,Sweets,2,0.5,1
3,9/20/2027,Sweets,2,0.5,1
4,9/20/2027,Raisins,2,5,10
5,9/20/2027,Chips,3,2,6
6,9/20/2027,Raisins,3,5,15
8,9/20/2027,Raisins,3,5,15
8,9/20/2027,Raisins,3,5,15
10,9/20/2027,Chips,1,2,2
10,9/20/2027,Sweets,1,0.5,0.5
10,9/20/2027,Drink,1,10,10
12,9/20/2027,Drink,2,10,20
13,9/21/2027,Chips,1,2,2
15,9/21/2027,Raisins,1,5,5
16,9/21/2027,Chips,1,2,2
16,9/21/2027,Sweets,3,0.5,1.5
18,9/21/2027,Chips,2,2,4
97,9/21/2027,Raisins,2,5,10
4,9/21/2027,Raisins,1,5,5
4,9/21/2027,Sweets,1,0.5,0.5
5,9/21/2027,Drink,3,10,30
5,9/21/2027,Raisins,1,5,5
7,9/21/2027,Drink,2,10,20
9,9/21/2027,Drink,1,10,10
11,9/21/2027,Drink,2,10,20
16,9/21/2027,Chips,1,2,2
19,9/21/2027,Sweets,2,0.5,1
83,9/21/2027,Chips,2,2,4
89,9/21/2027,Chips,3,2,6
96,9/21/2027,Raisins,2,5,10
99,9/21/2027,Raisins,1,5,5
1,9/21/2027,Sweets,2,0.5,1
1,9/21/2027,Chips,2,2,4
1,9/21/2027,Sweets,3,0.5,1.5
3,9/21/2027,Drink,3,10,30
9,9/21/2027,Sweets,3,0.5,1.5
11,9/21/2027,Sweets,2,0.5,1
14,9/21/2027,Chips,3,2,6
14,9/21/2027,Raisins,2,5,10
15,9/21/2027,Chips,2,2,4
15,9/21/2027,Sweets,2,0.5,1
18,9/21/2027,Drink,1,10,10
18,9/21/2027,Chips,2,2,4
19,9/21/2027,Chips,1,2,2
56,9/21/2027,Raisins,2,5,10
2,9/21/2027,Sweets,1,0.5,0.5
4,9/21/2027,Sweets,1,0.5,0.5
7,9/21/2027,Drink,1,10,10
7,9/21/2027,Raisins,3,5,15
9,9/21/2027,Raisins,2,5,10
12,9/21/2027,Sweets,3,0.5,1.5
12,9/21/2027,Sweets,1,0.5,0.5
15,9/21/2027,Drink,1,10,10
15,9/21/2027,Sweets,2,0.5,1
19,9/21/2027,Chips,2,2,4
20,9/21/2027,Sweets,2,0.5,1
89,9/21/2027,Drink,1,10,10
1,9/21/2027,Chips,1,2,2
4,9/21/2027,Chips,2,2,4
6,9/21/2027,Chips,3,2,6
9,9/21/2027,Drink,1,10,10
10,9/21/2027,Drink,1,10,10
12,9/21/2027,Chips,2,2,4
14,9/21/2027,Chips,2,2,4
15,9/21/2027,Chips,3,2,6
16,9/21/2027,Drink,3,10,30
16,9/21/2027,Drink,2,10,20
20,9/21/2027,Chips,1,2,2
95,9/21/2027,Chips,2,2,4
10,9/21/2027,Drink,3,10,30
12,9/21/2027,Sweets,2,0.5,1
14,9/21/2027,Drink,3,10,30
15,9/22/2027,Chips,1,2,2
16,9/22/2027,Chips,2,2,4
8,9/22/2027,Drink,2,10,20
9,9/22/2027,Drink,1,10,10
4,9/22/2027,Drink,2,10,20
6,9/22/2027,Raisins,1,5,5
6,9/22/2027,Drink,2,10,20
7,9/22/2027,Sweets,2,0.5,1
8,9/22/2027,Sweets,1,0.5,0.5
9,9/22/2027,Sweets,3,0.5,1.5
1,9/22/2027,Chips,2,2,4
2,9/22/2027,Sweets,2,0.5,1
7,9/22/2027,Drink,2,10,20
9,9/22/2027,Chips,1,2,2
9,9/22/2027,Drink,2,10,20
10,9/22/2027,Raisins,1,5,5
12,9/22/2027,Chips,1,2,2
14,9/22/2027,Chips,3,2,6
18,9/22/2027,Raisins,1,5,5
51,9/22/2027,Drink,2,10,20
85,9/22/2027,Chips,3,2,6
2,9/22/2027,Drink,3,10,30
2,9/22/2027,Chips,2,2,4
5,9/22/2027,Sweets,1,0.5,0.5
5,9/22/2027,Chips,3,2,6
9,9/22/2027,Drink,1,10,10
10,9/22/2027,Drink,3,10,30
12,9/22/2027,Raisins,2,5,10
13,9/22/2027,Chips,1,2,2
85,9/22/2027,Drink,1,10,10
2,9/22/2027,Raisins,3,5,15
2,9/22/2027,Raisins,1,5,5
5,9/22/2027,Sweets,2,0.5,1
5,9/22/2027,Sweets,1,0.5,0.5
9,9/22/2027,Sweets,3,0.5,1.5
10,9/22/2027,Sweets,1,0.5,0.5
12,9/22/2027,Raisins,1,5,5
92,9/22/2027,Raisins,1,5,5
1,9/22/2027,Drink,2,10,20
2,9/22/2027,Chips,1,2,2
2,9/22/2027,Sweets,1,0.5,0.5
3,9/22/2027,Sweets,1,0.5,0.5
3,9/22/2027,Raisins,3,5,15
4,9/22/2027,Raisins,3,5,15
5,9/22/2027,Raisins,2,5,10
7,9/22/2027,Sweets,1,0.5,0.5
10,9/22/2027,Raisins,1,5,5
13,9/22/2027,Chips,2,2,4
13,9/23/2027,Drink,3,10,30
16,9/23/2027,Chips,1,2,2
24,9/23/2027,Chips,2,2,4
96,9/23/2027,Drink,3,10,30
2,9/23/2027,Drink,2,10,20
14,9/23/2027,Drink,3,10,30
45,9/23/2027,Chips,2,2,4
6,9/23/2027,Sweets,1,0.5,0.5
10,9/23/2027,Drink,3,10,30
11,9/23/2027,Chips,1,2,2
15,9/23/2027,Sweets,2,0.5,1
15,9/23/2027,Sweets,1,0.5,0.5
17,9/23/2027,Drink,1,10,10
20,9/23/2027,Raisins,3,5,15
23,9/23/2027,Chips,1,2,2
38,9/23/2027,Sweets,1,0.5,0.5
57,9/23/2027,Sweets,3,0.5,1.5
98,9/23/2027,Drink,1,10,10
1,9/23/2027,Chips,3,2,6
3,9/23/2027,Sweets,3,0.5,1.5
5,9/23/2027,Chips,2,2,4
7,9/23/2027,Sweets,1,0.5,0.5
9,9/23/2027,Chips,1,2,2
10,9/23/2027,Chips,2,2,4
10,9/23/2027,Chips,3,2,6
15,9/23/2027,Raisins,2,5,10
16,9/23/2027,Raisins,2,5,10
17,9/23/2027,Raisins,2,5,10
19,9/23/2027,Drink,2,10,20
91,9/23/2027,Sweets,3,0.5,1.5
98,9/23/2027,Chips,3,2,6
1,9/23/2027,Drink,3,10,30
7,9/23/2027,Sweets,2,0.5,1
9,9/23/2027,Drink,3,10,30
12,9/23/2027,Raisins,3,5,15
16,9/23/2027,Raisins,1,5,5
20,9/23/2027,Chips,2,2,4
28,9/23/2027,Chips,3,2,6
50,9/23/2027,Chips,1,2,2
85,9/23/2027,Raisins,2,5,10
86,9/23/2027,Raisins,1,5,5
94,9/23/2027,Sweets,1,0.5,0.5
1,9/23/2027,Drink,2,10,20
1,9/23/2027,Sweets,1,0.5,0.5
2,9/23/2027,Drink,3,10,30
2,9/23/2027,Drink,2,10,20
3,9/23/2027,Raisins,2,5,10
7,9/23/2027,Sweets,2,0.5,1
8,9/23/2027,Chips,1,2,2
8,9/23/2027,Drink,2,10,20
8,9/23/2027,Chips,3,2,6
12,9/23/2027,Sweets,2,0.5,1
19,9/23/2027,Chips,1,2,2
19,9/23/2027,Raisins,3,5,15
19,9/23/2027,Chips,3,2,6
20,9/23/2027,Chips,3,2,6
57,9/23/2027,Chips,3,2,6
100,9/23/2027,Sweets,1,0.5,0.5
3,9/23/2027,Chips,2,2,4
3,9/23/2027,Chips,1,2,2
5,9/23/2027,Sweets,3,0.5,1.5
7,9/23/2027,Raisins,1,5,5
7,9/23/2027,Sweets,3,0.5,1.5
7,9/23/2027,Sweets,2,0.5,1
8,9/23/2027,Sweets,2,0.5,1
9,9/23/2027,Chips,2,2,4
12,9/23/2027,Drink,1,10,10
14,9/23/2027,Raisins,1,5,5
17,9/23/2027,Raisins,1,5,5
17,9/23/2027,Sweets,1,0.5,0.5
18,9/23/2027,Raisins,3,5,15
18,9/23/2027,Raisins,2,5,10
81,9/23/2027,Sweets,2,0.5,1
94,9/23/2027,Drink,3,10,30
1,9/23/2027,Sweets,2,0.5,1
4,9/23/2027,Chips,3,2,6
5,9/24/2027,Raisins,2,5,10
7,9/24/2027,Raisins,2,5,10
10,9/24/2027,Sweets,1,0.5,0.5
11,9/24/2027,Raisins,3,5,15
20,9/24/2027,Raisins,2,5,10
41,9/24/2027,Chips,2,2,4
62,9/24/2027,Drink,1,10,10
3,9/24/2027,Raisins,1,5,5
7,9/24/2027,Drink,1,10,10
7,9/24/2027,Drink,1,10,10
8,9/24/2027,Chips,3,2,6
8,9/24/2027,Raisins,2,5,10
10,9/24/2027,Sweets,2,0.5,1
13,9/24/2027,Raisins,1,5,5
15,9/24/2027,Chips,2,2,4
15,9/24/2027,Drink,2,10,20
19,9/24/2027,Raisins,3,5,15
69,9/24/2027,Sweets,3,0.5,1.5
4,9/24/2027,Sweets,2,0.5,1
5,9/24/2027,Raisins,2,5,10
5,9/24/2027,Chips,2,2,4
6,9/24/2027,Drink,1,10,10
6,9/24/2027,Sweets,2,0.5,1
7,9/24/2027,Chips,1,2,2
9,9/24/2027,Sweets,3,0.5,1.5
10,9/24/2027,Sweets,1,0.5,0.5
11,9/24/2027,Sweets,3,0.5,1.5
13,9/24/2027,Raisins,3,5,15
25,9/24/2027,Chips,3,2,6
83,9/24/2027,Chips,2,2,4
83,9/24/2027,Sweets,2,0.5,1
1,9/24/2027,Sweets,2,0.5,1
3,9/24/2027,Raisins,3,5,15
5,9/24/2027,Chips,3,2,6
10,9/24/2027,Sweets,3,0.5,1.5
11,9/24/2027,Drink,2,10,20
19,9/24/2027,Sweets,1,0.5,0.5
20,9/24/2027,Raisins,2,5,10
5,9/24/2027,Chips,3,2,6
6,9/24/2027,Raisins,1,5,5
18,9/24/2027,Sweets,2,0.5,1
61,9/24/2027,Raisins,3,5,15
86,9/24/2027,Raisins,2,5,10
95,9/24/2027,Sweets,2,0.5,1
97,9/24/2027,Drink,2,10,20
1,9/24/2027,Drink,2,10,20
4,9/24/2027,Chips,3,2,6
20,9/24/2027,Chips,2,2,4
20,9/24/2027,Sweets,3,0.5,1.5
4,9/24/2027,Raisins,2,5,10
6,9/24/2027,Drink,1,10,10
7,9/24/2027,Chips,2,2,4
10,9/24/2027,Drink,2,10,20
10,9/24/2027,Sweets,2,0.5,1
13,9/24/2027,Chips,1,2,2
13,9/24/2027,Chips,2,2,4
16,9/24/2027,Chips,3,2,6
18,9/24/2027,Chips,3,2,6
20,9/24/2027,Raisins,1,5,5
65,9/24/2027,Chips,2,2,4
11,9/24/2027,Drink,3,10,30
12,9/24/2027,Drink,1,10,10
48,9/24/2027,Chips,3,2,6
82,9/24/2027,Chips,2,2,4
99,9/24/2027,Sweets,2,0.5,1
4,9/24/2027,Chips,1,2,2
5,9/24/2027,Sweets,1,0.5,0.5
8,9/24/2027,Drink,1,10,10
9,9/24/2027,Drink,2,10,20
13,9/24/2027,Chips,1,2,2
18,9/24/2027,Drink,2,10,20
47,9/24/2027,Drink,1,10,10
92,9/24/2027,Drink,1,10,10
1,9/24/2027,Drink,1,10,10
6,9/24/2027,Sweets,3,0.5,1.5
8,9/24/2027,Chips,3,2,6
8,9/24/2027,Drink,3,10,30
9,9/24/2027,Chips,1,2,2
12,9/24/2027,Sweets,1,0.5,0.5
12,9/25/2027,Sweets,1,0.5,0.5
13,9/25/2027,Chips,2,2,4
14,9/25/2027,Chips,1,2,2
16,9/25/2027,Drink,1,10,10
19,9/25/2027,Chips,1,2,2
29,9/25/2027,Sweets,1,0.5,0.5
31,9/25/2027,Chips,3,2,6
77,9/25/2027,Raisins,2,5,10
2,9/25/2027,Drink,1,10,10
2,9/25/2027,Chips,3,2,6
4,9/25/2027,Sweets,2,0.5,1
8,9/25/2027,Drink,2,10,20
9,9/25/2027,Sweets,2,0.5,1
9,9/25/2027,Sweets,1,0.5,0.5
9,9/25/2027,Raisins,3,5,15
9,9/25/2027,Raisins,1,5,5
9,9/25/2027,Raisins,3,5,15
10,9/25/2027,Chips,3,2,6
11,9/25/2027,Chips,1,2,2
15,9/25/2027,Drink,1,10,10
18,9/25/2027,Drink,2,10,20
2,9/25/2027,Sweets,3,0.5,1.5
3,9/25/2027,Raisins,1,5,5
4,9/25/2027,Chips,1,2,2
5,9/25/2027,Chips,1,2,2
8,9/25/2027,Sweets,2,0.5,1
9,9/25/2027,Chips,1,2,2
10,9/25/2027,Raisins,1,5,5
17,9/25/2027,Chips,1,2,2
18,9/25/2027,Raisins,1,5,5
19,9/25/2027,Raisins,2,5,10
32,9/25/2027,Drink,3,10,30
82,9/25/2027,Sweets,2,0.5,1
1,9/25/2027,Drink,1,10,10
4,9/25/2027,Drink,3,10,30
5,9/25/2027,Drink,3,10,30
6,9/25/2027,Chips,1,2,2
8,9/25/2027,Drink,1,10,10
10,9/25/2027,Raisins,2,5,10
12,9/25/2027,Raisins,1,5,5
12,9/25/2027,Raisins,3,5,15
13,9/25/2027,Drink,3,10,30
17,9/25/2027,Drink,1,10,10
18,9/25/2027,Chips,1,2,2
19,9/25/2027,Raisins,2,5,10
100,9/25/2027,Drink,3,10,30
3,9/25/2027,Raisins,1,5,5
5,9/25/2027,Drink,2,10,20
7,9/25/2027,Drink,2,10,20
8,9/25/2027,Chips,3,2,6
10,9/25/2027,Drink,1,10,10
10,9/25/2027,Raisins,1,5,5
12,9/25/2027,Drink,3,10,30
16,9/25/2027,Raisins,1,5,5
48,9/25/2027,Raisins,1,5,5
81,9/25/2027,Chips,2,2,4
85,9/25/2027,Sweets,1,0.5,0.5
94,9/25/2027,Drink,2,10,20
7,9/25/2027,Raisins,3,5,15
8,9/25/2027,Drink,1,10,10
11,9/25/2027,Chips,2,2,4
12,9/25/2027,Chips,1,2,2
13,9/25/2027,Drink,2,10,20
17,9/25/2027,Raisins,2,5,10
18,9/25/2027,Chips,2,2,4
89,9/25/2027,Drink,1,10,10
100,9/25/2027,Sweets,3,0.5,1.5
2,9/25/2027,Sweets,3,0.5,1.5
2,9/25/2027,Raisins,2,5,10
6,9/25/2027,Sweets,3,0.5,1.5
7,9/25/2027,Chips,2,2,4
7,9/25/2027,Chips,3,2,6
10,9/25/2027,Sweets,2,0.5,1
10,9/25/2027,Sweets,3,0.5,1.5
11,9/25/2027,Drink,3,10,30
13,9/25/2027,Drink,1,10,10
14,9/25/2027,Chips,1,2,2
15,9/25/2027,Drink,3,10,30
6,9/25/2027,Chips,1,2,2
7,9/25/2027,Sweets,1,0.5,0.5
9,9/25/2027,Sweets,2,0.5,1
13,9/25/2027,Drink,3,10,30
14,9/25/2027,Chips,3,2,6
14,9/25/2027,Sweets,2,0.5,1
19,9/25/2027,Sweets,2,0.5,1
20,9/25/2027,Sweets,1,0.5,0.5
53,9/25/2027,Drink,2,10,20
59,9/25/2027,Raisins,1,5,5
1,9/25/2027,Chips,2,2,4
1,9/25/2027,Raisins,3,5,15
2,9/25/2027,Chips,3,2,6
5,9/25/2027,Drink,3,10,30
6,9/25/2027,Drink,1,10,10
7,9/25/2027,Chips,3,2,6
9,9/25/2027,Sweets,2,0.5,1
14,9/25/2027,Chips,2,2,4
14,9/25/2027,Raisins,3,5,15
66,9/25/2027,Chips,2,2,4
88,9/25/2027,Sweets,2,0.5,1
95,9/25/2027,Drink,2,10,20
2,9/26/2027,Sweets,3,0.5,1.5
4,9/26/2027,Raisins,1,5,5
6,9/26/2027,Sweets,1,0.5,0.5
13,9/26/2027,Drink,3,10,30
15,9/26/2027,Raisins,1,5,5
16,9/26/2027,Raisins,2,5,10
94,9/26/2027,Drink,3,10,30
2,9/26/2027,Raisins,1,5,5
3,9/26/2027,Sweets,3,0.5,1.5
5,9/26/2027,Sweets,3,0.5,1.5
5,9/26/2027,Drink,1,10,10
14,9/26/2027,Sweets,1,0.5,0.5
15,9/26/2027,Raisins,2,5,10
15,9/26/2027,Drink,1,10,10
68,9/26/2027,Drink,3,10,30
81,9/26/2027,Drink,2,10,20
92,9/26/2027,Raisins,2,5,10
100,9/26/2027,Drink,2,10,20
1,9/26/2027,Chips,1,2,2
5,9/26/2027,Chips,1,2,2
7,9/26/2027,Raisins,3,5,15
10,9/26/2027,Raisins,2,5,10
14,9/26/2027,Chips,2,2,4
15,9/26/2027,Chips,1,2,2
17,9/26/2027,Chips,3,2,6
92,9/26/2027,Drink,1,10,10
97,9/26/2027,Sweets,2,0.5,1
97,9/26/2027,Raisins,2,5,10
3,9/26/2027,Sweets,2,0.5,1
5,9/26/2027,Drink,2,10,20
5,9/26/2027,Chips,1,2,2
9,9/26/2027,Sweets,1,0.5,0.5
9,9/26/2027,Sweets,3,0.5,1.5
9,9/26/2027,Sweets,3,0.5,1.5
11,9/26/2027,Sweets,2,0.5,1
15,9/26/2027,Sweets,2,0.5,1
15,9/26/2027,Drink,1,10,10
15,9/26/2027,Chips,3,2,6
16,9/26/2027,Chips,3,2,6
16,9/26/2027,Chips,1,2,2
31,9/26/2027,Chips,1,2,2
34,9/26/2027,Sweets,1,0.5,0.5
43,9/26/2027,Raisins,2,5,10
94,9/26/2027,Sweets,1,0.5,0.5
94,9/26/2027,Chips,2,2,4
4,9/26/2027,Drink,2,10,20
9,9/26/2027,Raisins,2,5,10
9,9/26/2027,Drink,2,10,20
12,9/26/2027,Sweets,3,0.5,1.5
12,9/26/2027,Sweets,3,0.5,1.5
16,9/26/2027,Sweets,2,0.5,1
17,9/26/2027,Chips,3,2,6
19,9/26/2027,Sweets,2,0.5,1
19,9/26/2027,Chips,3,2,6
20,9/26/2027,Chips,1,2,2
76,9/26/2027,Sweets,1,0.5,0.5
90,9/26/2027,Sweets,1,0.5,0.5
2,9/26/2027,Sweets,1,0.5,0.5
2,9/26/2027,Drink,2,10,20
6,9/26/2027,Drink,3,10,30
10,9/26/2027,Drink,2,10,20
10,9/26/2027,Drink,3,10,30
16,9/26/2027,Drink,1,10,10
17,9/26/2027,Drink,1,10,10
18,9/26/2027,Drink,1,10,10
81,9/26/2027,Chips,1,2,2
86,9/26/2027,Raisins,1,5,5
89,9/26/2027,Raisins,2,5,10
2,9/26/2027,Chips,1,2,2
3,9/26/2027,Drink,2,10,20
8,9/26/2027,Chips,2,2,4
10,9/26/2027,Drink,3,10,30
13,9/26/2027,Sweets,2,0.5,1
13,9/26/2027,Drink,2,10,20
16,9/26/2027,Sweets,3,0.5,1.5
24,9/26/2027,Sweets,3,0.5,1.5
96,9/26/2027,Chips,3,2,6
2,9/26/2027,Sweets,2,0.5,1
14,9/26/2027,Chips,1,2,2
45,9/26/2027,Raisins,1,5,5
6,9/26/2027,Drink,3,10,30
10,9/26/2027,Sweets,2,0.5,1
11,9/26/2027,Chips,1,2,2
15,9/26/2027,Raisins,1,5,5
15,9/26/2027,Raisins,1,5,5
17,9/26/2027,Sweets,1,0.5,0.5
20,9/26/2027,Sweets,3,0.5,1.5
23,9/26/2027,Sweets,1,0.5,0.5
38,9/26/2027,Chips,3,2,6
57,9/26/2027,Drink,1,10,10
98,9/26/2027,Raisins,3,5,15
1,9/26/2027,Chips,3,2,6
3,9/26/2027,Drink,1,10,10
5,9/26/2027,Raisins,2,5,10
7,9/26/2027,Sweets,2,0.5,1
9,9/26/2027,Raisins,1,5,5
10,9/26/2027,Sweets,1,0.5,0.5
10,9/26/2027,Raisins,3,5,15
15,9/26/2027,Sweets,2,0.5,1
16,9/26/2027,Raisins,2,5,10
17,9/26/2027,Chips,3,2,6
19,9/26/2027,Chips,3,2,6
91,9/26/2027,Drink,2,10,20
98,9/26/2027,Chips,3,2,6
1,9/26/2027,Sweets,1,0.5,0.5
7,9/26/2027,Sweets,1,0.5,0.5
9,9/26/2027,Raisins,2,5,10
12,9/26/2027,Chips,2,2,4
16,9/26/2027,Raisins,2,5,10
20,9/26/2027,Sweets,1,0.5,0.5
28,9/26/2027,Sweets,2,0.5,1
50,9/26/2027,Drink,3,10,30
85,9/26/2027,Sweets,3,0.5,1.5
86,9/26/2027,Drink,1,10,10
94,9/26/2027,Sweets,3,0.5,1.5
1,9/26/2027,Chips,1,2,2
1,9/26/2027,Sweets,2,0.5,1
2,9/26/2027,Raisins,2,5,10
2,9/26/2027,Sweets,2,0.5,1
3,9/26/2027,Drink,1,10,10
7,9/26/2027,Raisins,1,5,5
8,9/26/2027,Sweets,2,0.5,1
8,9/26/2027,Chips,1,2,2
8,9/27/2027,Sweets,2,0.5,1
12,9/27/2027,Chips,1,2,2
19,9/27/2027,Sweets,2,0.5,1
19,9/27/2027,Sweets,3,0.5,1.5
19,9/27/2027,Raisins,2,5,10
20,9/27/2027,Raisins,2,5,10
57,9/27/2027,Raisins,3,5,15
100,9/27/2027,Sweets,3,0.5,1.5
3,9/27/2027,Raisins,2,5,10
3,9/27/2027,Sweets,3,0.5,1.5
5,9/27/2027,Sweets,1,0.5,0.5
7,9/27/2027,Drink,2,10,20
7,9/27/2027,Chips,3,2,6
7,9/27/2027,Raisins,1,5,5
8,9/27/2027,Raisins,1,5,5
9,9/27/2027,Drink,1,10,10
12,9/27/2027,Sweets,1,0.5,0.5
14,9/27/2027,Drink,3,10,30
17,9/27/2027,Sweets,2,0.5,1
17,9/27/2027,Sweets,3,0.5,1.5
18,9/27/2027,Chips,3,2,6
18,9/27/2027,Drink,3,10,30
81,9/27/2027,Raisins,3,5,15
94,9/27/2027,Drink,2,10,20
1,9/27/2027,Sweets,3,0.5,1.5
4,9/27/2027,Chips,3,2,6
5,9/27/2027,Drink,3,10,30
7,9/27/2027,Sweets,1,0.5,0.5
10,9/27/2027,Drink,2,10,20
11,9/27/2027,Sweets,1,0.5,0.5
12,9/27/2027,Chips,3,2,6
13,9/27/2027,Raisins,2,5,10
14,9/27/2027,Sweets,1,0.5,0.5
14,9/27/2027,Drink,2,10,20
15,9/27/2027,Sweets,3,0.5,1.5
15,9/27/2027,Sweets,1,0.5,0.5
16,9/27/2027,Drink,2,10,20
88,9/27/2027,Chips,3,2,6
5,9/27/2027,Drink,1,10,10
6,9/27/2027,Chips,2,2,4
7,9/27/2027,Drink,3,10,30
8,9/27/2027,Sweets,1,0.5,0.5
8,9/27/2027,Raisins,3,5,15
9,9/27/2027,Sweets,3,0.5,1.5
10,9/27/2027,Chips,1,2,2
11,9/27/2027,Raisins,2,5,10
15,9/27/2027,Chips,2,2,4
20,9/27/2027,Drink,3,10,30
82,9/27/2027,Raisins,2,5,10
88,9/27/2027,Chips,2,2,4
2,9/27/2027,Chips,1,2,2
4,9/27/2027,Drink,3,10,30
5,9/27/2027,Drink,2,10,20
6,9/27/2027,Drink,2,10,20
14,9/27/2027,Raisins,2,5,10
18,9/27/2027,Raisins,1,5,5
9,9/27/2027,Drink,1,10,10
9,9/27/2027,Sweets,2,0.5,1
11,9/27/2027,Chips,3,2,6
12,9/27/2027,Chips,3,2,6
13,9/27/2027,Raisins,1,5,5
14,9/27/2027,Sweets,2,0.5,1
18,9/27/2027,Sweets,1,0.5,0.5
18,9/27/2027,Raisins,3,5,15
20,9/27/2027,Chips,2,2,4
20,9/27/2027,Drink,3,10,30
24,9/27/2027,Chips,3,2,6
84,9/27/2027,Drink,1,10,10
1,9/27/2027,Chips,1,2,2
1,9/27/2027,Raisins,2,5,10
4,9/27/2027,Sweets,1,0.5,0.5
6,9/27/2027,Drink,2,10,20
9,9/27/2027,Chips,3,2,6
12,9/27/2027,Drink,2,10,20
6,9/27/2027,Raisins,2,5,10
7,9/27/2027,Drink,3,10,30
8,9/27/2027,Sweets,3,0.5,1.5
9,9/27/2027,Raisins,1,5,5
10,9/27/2027,Raisins,3,5,15
12,9/27/2027,Drink,2,10,20
12,9/27/2027,Raisins,3,5,15
16,9/28/2027,Sweets,2,0.5,1
93,9/28/2027,Chips,1,2,2
94,9/28/2027,Raisins,2,5,10
2,9/28/2027,Chips,1,2,2
5,9/28/2027,Sweets,1,0.5,0.5
9,9/28/2027,Raisins,1,5,5
9,9/28/2027,Sweets,1,0.5,0.5
11,9/28/2027,Raisins,2,5,10
17,9/28/2027,Raisins,1,5,5
17,9/28/2027,Drink,1,10,10
60,9/28/2027,Raisins,3,5,15
6,9/28/2027,Raisins,3,5,15
6,9/28/2027,Drink,1,10,10
8,9/28/2027,Sweets,2,0.5,1
12,9/28/2027,Chips,3,2,6
12,9/28/2027,Drink,3,10,30
12,9/28/2027,Chips,1,2,2
13,9/28/2027,Sweets,1,0.5,0.5
18,9/28/2027,Raisins,3,5,15
19,9/28/2027,Chips,2,2,4
19,9/28/2027,Raisins,1,5,5
20,9/28/2027,Drink,3,10,30
21,9/28/2027,Sweets,1,0.5,0.5
36,9/28/2027,Raisins,1,5,5
69,9/28/2027,Chips,3,2,6
96,9/28/2027,Sweets,3,0.5,1.5
2,9/28/2027,Drink,1,10,10
2,9/28/2027,Sweets,3,0.5,1.5
4,9/28/2027,Drink,3,10,30
4,9/28/2027,Sweets,2,0.5,1
8,9/28/2027,Drink,3,10,30
8,9/28/2027,Sweets,3,0.5,1.5
10,9/28/2027,Sweets,1,0.5,0.5
11,9/28/2027,Chips,2,2,4
14,9/28/2027,Raisins,3,5,15
87,9/28/2027,Sweets,1,0.5,0.5
5,9/28/2027,Raisins,1,5,5
8,9/28/2027,Raisins,2,5,10
9,9/28/2027,Chips,2,2,4
10,9/28/2027,Drink,1,10,10
11,9/28/2027,Raisins,2,5,10
17,9/28/2027,Chips,1,2,2
17,9/28/2027,Drink,2,10,20
18,9/28/2027,Chips,2,2,4
70,9/28/2027,Sweets,3,0.5,1.5
2,9/28/2027,Raisins,3,5,15
5,9/28/2027,Sweets,2,0.5,1
5,9/28/2027,Drink,1,10,10
7,9/28/2027,Raisins,1,5,5
9,9/28/2027,Raisins,2,5,10
12,9/28/2027,Drink,1,10,10
12,9/28/2027,Drink,3,10,30
13,9/28/2027,Raisins,3,5,15
14,9/28/2027,Sweets,2,0.5,1
19,9/28/2027,Sweets,1,0.5,0.5
20,9/28/2027,Chips,1,2,2
90,9/28/2027,Chips,3,2,6
98,9/28/2027,Raisins,2,5,10
98,9/28/2027,Raisins,3,5,15
8,9/28/2027,Sweets,3,0.5,1.5
8,9/28/2027,Chips,1,2,2
13,9/28/2027,Chips,1,2,2
13,9/28/2027,Drink,1,10,10
13,9/28/2027,Drink,1,10,10
17,9/28/2027,Raisins,2,5,10
19,9/28/2027,Sweets,1,0.5,0.5
90,9/28/2027,Chips,3,2,6
93,9/28/2027,Raisins,2,5,10
2,9/28/2027,Sweets,1,0.5,0.5
3,9/28/2027,Raisins,2,5,10
4,9/28/2027,Sweets,2,0.5,1
8,9/28/2027,Sweets,2,0.5,1
8,9/29/2027,Raisins,3,5,15
9,9/29/2027,Sweets,3,0.5,1.5
10,9/29/2027,Raisins,1,5,5
12,9/29/2027,Raisins,3,5,15
12,9/29/2027,Sweets,3,0.5,1.5
12,9/29/2027,Sweets,3,0.5,1.5
13,9/29/2027,Chips,3,2,6
14,9/29/2027,Drink,2,10,20
14,9/29/2027,Chips,1,2,2
19,9/29/2027,Drink,1,10,10
26,9/29/2027,Drink,3,10,30
90,9/29/2027,Raisins,1,5,5
4,9/29/2027,Raisins,3,5,15
9,9/29/2027,Chips,3,2,6
10,9/29/2027,Sweets,2,0.5,1
13,9/29/2027,Raisins,2,5,10
15,9/29/2027,Sweets,1,0.5,0.5
16,9/29/2027,Raisins,3,5,15
40,9/29/2027,Drink,1,10,10
58,9/29/2027,Drink,2,10,20
1,9/29/2027,Chips,2,2,4
1,9/29/2027,Chips,3,2,6
2,9/29/2027,Drink,2,10,20
3,9/29/2027,Raisins,1,5,5
4,9/29/2027,Drink,3,10,30
4,9/29/2027,Chips,1,2,2
5,9/29/2027,Chips,2,2,4
11,9/29/2027,Chips,1,2,2
11,9/29/2027,Chips,2,2,4
12,9/29/2027,Drink,3,10,30
15,9/29/2027,Sweets,3,0.5,1.5
78,9/29/2027,Chips,3,2,6
89,9/29/2027,Drink,1,10,10
90,9/29/2027,Chips,1,2,2
4,9/29/2027,Chips,3,2,6
7,9/29/2027,Chips,3,2,6
8,9/29/2027,Sweets,2,0.5,1
9,9/29/2027,Raisins,3,5,15
11,9/29/2027,Raisins,1,5,5
16,9/29/2027,Sweets,3,0.5,1.5
52,9/29/2027,Drink,2,10,20
87,9/29/2027,Drink,1,10,10
94,9/29/2027,Chips,1,2,2
2,9/29/2027,Sweets,1,0.5,0.5
4,9/29/2027,Chips,1,2,2
7,9/29/2027,Drink,3,10,30
7,9/29/2027,Raisins,1,5,5
14,9/29/2027,Raisins,3,5,15
18,9/29/2027,Chips,2,2,4
19,9/29/2027,Raisins,1,5,5
92,9/29/2027,Chips,1,2,2
94,9/29/2027,Sweets,2,0.5,1
5,9/29/2027,Drink,1,10,10
7,9/29/2027,Chips,3,2,6
7,9/29/2027,Raisins,2,5,10
8,9/29/2027,Sweets,3,0.5,1.5
8,9/29/2027,Chips,3,2,6
9,9/29/2027,Chips,3,2,6
12,9/29/2027,Sweets,3,0.5,1.5
15,9/29/2027,Raisins,2,5,10
16,9/29/2027,Raisins,2,5,10
16,9/29/2027,Drink,3,10,30
18,9/29/2027,Raisins,1,5,5
90,9/29/2027,Raisins,1,5,5
2,9/29/2027,Chips,1,2,2
2,9/29/2027,Raisins,3,5,15
3,9/29/2027,Raisins,2,5,10
3,9/29/2027,Drink,1,10,10
6,9/29/2027,Chips,3,2,6
12,9/29/2027,Raisins,2,5,10
15,9/29/2027,Chips,3,2,6
17,9/29/2027,Drink,1,10,10
18,9/29/2027,Raisins,1,5,5
19,9/29/2027,Chips,2,2,4
20,9/29/2027,Raisins,1,5,5
20,9/30/2027,Raisins,1,5,5
93,9/30/2027,Sweets,2,0.5,1
2,9/30/2027,Drink,3,10,30
2,9/30/2027,Drink,2,10,20
5,9/30/2027,Drink,1,10,10
5,9/30/2027,Sweets,2,0.5,1
7,9/30/2027,Chips,2,2,4
10,9/30/2027,Chips,2,2,4
11,9/30/2027,Raisins,1,5,5
15,9/30/2027,Chips,1,2,2
16,9/30/2027,Chips,3,2,6
16,9/30/2027,Chips,2,2,4
17,9/30/2027,Chips,2,2,4
17,9/30/2027,Chips,1,2,2
82,9/30/2027,Raisins,3,5,15
4,9/30/2027,Raisins,3,5,15
4,9/30/2027,Raisins,2,5,10
8,9/30/2027,Chips,2,2,4
8,9/30/2027,Drink,1,10,10
14,9/30/2027,Raisins,1,5,5
14,9/30/2027,Chips,3,2,6
18,9/30/2027,Drink,2,10,20
18,9/30/2027,Drink,1,10,10
19,9/30/2027,Drink,2,10,20
19,9/30/2027,Raisins,1,5,5
64,9/30/2027,Chips,1,2,2
88,9/30/2027,Chips,3,2,6
96,9/30/2027,Chips,3,2,6
98,9/30/2027,Sweets,3,0.5,1.5
3,9/30/2027,Drink,3,10,30
4,9/30/2027,Raisins,2,5,10
6,9/30/2027,Raisins,2,5,10
9,9/30/2027,Drink,3,10,30
9,9/30/2027,Sweets,2,0.5,1
11,9/30/2027,Chips,2,2,4
12,9/30/2027,Sweets,2,0.5,1
13,9/30/2027,Drink,3,10,30
14,9/30/2027,Sweets,2,0.5,1
18,9/30/2027,Sweets,1,0.5,0.5
18,9/30/2027,Chips,1,2,2
20,9/30/2027,Sweets,1,0.5,0.5
20,9/30/2027,Chips,3,2,6
24,9/30/2027,Sweets,1,0.5,0.5
84,9/30/2027,Drink,3,10,30
1,9/30/2027,Chips,1,2,2
1,9/30/2027,Drink,1,10,10
4,9/30/2027,Chips,2,2,4
6,9/30/2027,Chips,1,2,2
9,9/30/2027,Raisins,2,5,10
12,9/30/2027,Chips,3,2,6
